ID,Name,Team,Pos,Price,4_pts_no_prob,4_prob,4_with_prob,5_pts_no_prob,5_prob,5_with_prob,6_pts_no_prob,6_prob,6_with_prob,7_pts_no_prob,7_prob,7_with_prob,8_pts_no_prob,8_prob,8_with_prob
1,"Fábio Vieira",ARS,MID,5.4,0,0,0,0,0,0,0,0,0,0,0,0,0,0,0
2,G.Jesus,ARS,FWD,6.8,2.03835,0.21519,0.43864,1.75732,0.44427,0.78072,2.64927,0.59004,1.56318,2.49394,0.65946,1.64465,2.24045,0.69417,1.55524
3,Gabriel,ARS,DEF,6,3.32518,0.94115,3.12949,3.44045,0.94115,3.23798,3.15323,0.94115,2.96766,2.92097,0.94115,2.74907,3.19494,0.94115,3.00692
4,Havertz,ARS,FWD,8.1,2.59713,0.94119,2.4444,2.35771,0.94119,2.21906,3.13772,0.94119,2.9532,3.02625,0.94119,2.84828,2.80824,0.94119,2.6431
5,Hein,ARS,GK,4,0,0,0,0,0,0,0,0,0,0,0,0,0,0,0
6,J.Timber,ARS,DEF,5.5,3.31965,0.77391,2.56911,3.37848,0.77391,2.61464,3.24771,0.77391,2.51344,2.99283,0.77391,2.31618,3.1835,0.77391,2.46375
7,Jorginho,ARS,MID,4.9,1.96818,0.22923,0.45116,1.83274,0.22923,0.42011,2.1301,0.22923,0.48827,1.97522,0.22923,0.45277,2.02742,0.22923,0.46474
8,Kiwior,ARS,DEF,4.9,2.69539,0.21723,0.58551,2.87018,0.21723,0.62348,2.45151,0.21723,0.53253,2.25426,0.21723,0.48968,2.49057,0.21723,0.54102
9,Martinelli,ARS,MID,6.9,2.41577,0.94099,2.27321,2.11616,0.94099,1.99128,2.92231,0.94099,2.74985,2.67669,0.94099,2.51873,2.33198,0.94099,2.19436
10,Nelson,FUL,MID,5,1.82217,0.21356,0.38914,1.79527,0.21356,0.38339,1.7236,0.21356,0.36808,1.545,0.21356,0.32994,1.66264,0.21356,0.35507
11,Nketiah,CRY,FWD,5.9,1.97909,0.08387,0.16599,1.87777,0.08387,0.15749,1.81993,0.08387,0.15264,1.6233,0.08387,0.13615,1.85693,0.08387,0.15574
12,Nwaneri,ARS,MID,4.5,1.75859,0.00423,0.00743,1.6361,0.00423,0.00691,1.96413,0.00423,0.0083,1.81041,0.00423,0.00765,1.81563,0.00423,0.00767
13,Ødegaard,ARS,MID,8.4,3.56861,0.94105,3.35823,3.13341,0.94105,2.94869,4.31869,0.94105,4.06409,4.02436,0.94105,3.78712,3.61802,0.94105,3.40473
14,Ramsdale,SOU,GK,4.4,3.49967,0.94222,3.29748,2.93743,0.94222,2.76772,4.22688,0.94222,3.98267,4.77059,0.94222,4.49496,3.90714,0.94222,3.6814
15,Raya,ARS,GK,5.5,4.71176,0.94941,4.47339,5.06426,0.94941,4.80806,4.17754,0.94941,3.9662,3.70053,0.94941,3.51332,4.34729,0.94941,4.12735
16,Rice,ARS,MID,6.4,0,0,0,2.5546,0.94123,2.40447,2.89249,0.94123,2.7225,2.68553,0.94123,2.5277,2.86931,0.94123,2.70069
17,Saka,ARS,MID,10.1,4.02803,0.93141,3.75173,3.58115,0.93141,3.33551,5.90911,0.93141,5.50378,5.58574,0.93141,5.20259,4.48591,0.93141,4.17821
18,Saliba,ARS,DEF,6,3.46991,0.94123,3.26599,3.58162,0.94123,3.37114,3.47405,0.94123,3.26989,3.22246,0.94123,3.03309,3.34359,0.94123,3.1471
19,"Smith Rowe",FUL,MID,5.6,2.44109,0.67379,1.64478,2.37898,0.67379,1.60293,2.29329,0.67379,1.5452,2.06111,0.67379,1.38875,2.21661,0.67379,1.49353
20,Thomas,ARS,MID,5,2.11835,0.91027,1.92827,1.98357,0.91027,1.80559,2.31843,0.91027,2.1104,2.15899,0.91027,1.96527,2.14904,0.91027,1.95621
21,Tierney,ARS,DEF,4.4,0,0,0,0,0,0,0,0,0,0,0,0,0,0,0
22,Tomiyasu,ARS,DEF,4.9,0,0,0,0,0,0,0,0,0,0,0,0,0,0,0
23,Trossard,ARS,MID,6.9,2.09575,0.94119,1.9725,1.93726,0.94119,1.82333,2.58994,0.94119,2.43763,2.4032,0.94119,2.26187,2.20382,0.94119,2.07421
24,White,ARS,DEF,6.5,3.42224,0.9411,3.22068,3.47802,0.9411,3.27317,3.46276,0.9411,3.25881,3.19488,0.9411,3.00671,3.29199,0.9411,3.0981
25,Zinchenko,ARS,DEF,4.9,3.26706,0.58185,1.90094,3.3386,0.58185,1.94257,3.45769,0.58185,2.01186,3.17861,0.58185,1.84947,3.1388,0.58185,1.82631
26,"Alex Moreno",NFO,DEF,4.4,2.78571,0.29159,0.81228,2.50749,0.29159,0.73116,2.47919,0.29159,0.72291,2.71543,0.29159,0.79179,2.45314,0.29159,0.71531
27,Archer,SOU,FWD,5,2.11796,0.93479,1.97983,1.83312,0.93479,1.71357,2.06845,0.93479,1.93356,1.72472,0.93479,1.61224,2.20829,0.93479,2.06427
28,Bailey,AVL,MID,6.4,3.37763,0.27782,0.93837,3.30962,0.57356,1.89828,2.41075,0.76177,1.83643,3.14188,0.84209,2.64575,2.39347,0.87361,2.09096
29,Barkley,AVL,MID,5.3,2.76012,0.84047,2.31981,2.72639,0.84047,2.29146,2.31766,0.84047,1.94793,2.64352,0.84047,2.22181,2.42033,0.84047,2.03422
30,Barrenechea,AVL,MID,4.9,0,0,0,0,0,0,0,0,0,0,0,0,0,0,0
31,Buendia,AVL,MID,5.4,2.86893,0.14192,0.40714,2.83091,0.14192,0.40175,2.45315,0.14192,0.34814,2.72282,0.14192,0.38641,2.47543,0.14192,0.3513
32,Cash,AVL,DEF,4.4,2.30018,0.01,0.023,2.33081,0.64284,1.49834,2.33258,0.768,1.79141,2.3421,0.80558,1.88673,2.49492,0.82399,2.05579
33,Dendoncker,AVL,MID,4.5,0,0,0,0,0,0,0,0,0,0,0,0,0,0,0
34,Diaby,AVL,MID,6.5,0,0,0,0,0,0,0,0,0,0,0,0,0,0,0
35,"Diego Carlos",AVL,DEF,4.5,2.1851,0.1861,0.40665,2.22623,0.38421,0.85533,2.29912,0.51028,1.17318,2.2585,0.57031,1.28804,2.48188,0.60032,1.48993
36,Digne,AVL,DEF,4.5,2.5642,0.94061,2.4119,2.59035,0.94061,2.4365,2.67578,0.94061,2.51686,2.59167,0.94061,2.43774,2.88314,0.94061,2.7119
37,Dobbin,AVL,MID,5,0,0,0,0,0,0,0,0,0,0,0,0,0,0,0
38,Duran,AVL,FWD,6,1.63556,0.91785,1.5012,1.56343,0.91785,1.435,1.2578,0.91785,1.15448,1.4427,0.91785,1.32418,1.34196,0.91785,1.23172
39,Gauci,AVL,GK,4,3.17831,0.06003,0.19078,3.25795,0.06003,0.19556,3.1355,0.06003,0.18821,3.39696,0.06003,0.20391,3.72484,0.06003,0.22359
40,Hause,AVL,DEF,4,1.99688,2.0E-5,3.0E-5,2.03426,2.0E-5,3.0E-5,2.06154,2.0E-5,3.0E-5,2.06157,2.0E-5,3.0E-5,2.2456,2.0E-5,3.0E-5
41,"Iling Jr",AVL,MID,5.4,0,0,0,0,0,0,0,0,0,0,0,0,0,0,0
42,Kamara,AVL,MID,5,2.23639,0.30964,0.69248,2.20571,0.63926,1.41002,1.9443,0.81546,1.58549,2.13591,0.85972,1.83629,2.06888,0.8726,1.8053
43,Kesler-Hayden,AVL,DEF,4,0,0,0,0,0,0,0,0,0,0,0,0,0,0,0
44,Konsa,AVL,DEF,4.5,2.92824,0.94025,2.75328,2.94133,0.94025,2.76558,2.73987,0.94025,2.57616,2.93315,0.94025,2.75789,2.99003,0.94025,2.81137
45,Maatsen,AVL,DEF,4.9,2.56705,0.9282,2.38273,2.57652,0.9282,2.39152,2.42075,0.9282,2.24693,2.54928,0.9282,2.36624,2.607,0.9282,2.41981
46,Marschall,AVL,GK,4,0,0,0,0,0,0,0,0,0,0,0,0,0,0,0
47,Martinez,AVL,GK,5,3.18494,0.94856,3.02109,3.26454,0.94856,3.0966,3.56565,0.94856,3.38222,3.40338,0.94856,3.2283,4.15088,0.94856,3.93734
48,McGinn,AVL,MID,5.5,2.8091,0.93798,2.63488,2.76299,0.93798,2.59163,2.31412,0.93798,2.1706,2.65654,0.93798,2.49178,2.35041,0.93798,2.20464
49,Mings,AVL,DEF,4.4,2.53597,0.17721,0.44939,2.56312,0.36585,0.9377,2.5104,0.48589,1.21977,2.56959,0.54305,1.39542,2.69496,0.57163,1.54053
50,Nedeljkovic,AVL,DEF,4,1.99007,0.74157,1.47578,2.02715,0.74157,1.50328,2.05527,0.74157,1.52413,2.05437,0.74157,1.52346,2.23885,0.74157,1.66026
51,Olsen,AVL,GK,4.5,3.24487,0.00541,0.01756,3.32434,0.00541,0.01799,3.45982,0.00541,0.01872,3.46243,0.00541,0.01874,4.04549,0.00541,0.02189
52,Pau,AVL,DEF,4.5,2.56211,0.85119,2.18084,2.59522,0.85119,2.20903,2.63879,0.85119,2.24611,2.61724,0.85119,2.22777,2.84289,0.85119,2.41983
53,Ramsey,AVL,MID,5.5,2.80162,0.90828,2.54466,2.82473,0.90828,2.56565,2.67235,0.90828,2.42725,2.77923,0.90828,2.52432,2.65302,0.90828,2.40969
54,Rogers,AVL,MID,5.1,2.73976,0.86737,2.37639,2.7235,0.86737,2.36229,2.44167,0.86737,2.11783,2.64692,0.86737,2.29586,2.51582,0.86737,2.18215
55,Sinisalo,AVL,GK,4,0,0,0,0,0,0,0,0,0,0,0,0,0,0,0
56,Sousa,AVL,DEF,4,0,0,0,0,0,0,0,0,0,0,0,0,0,0,0
57,Tielemans,AVL,MID,5.5,2.68905,0.92929,2.4989,2.6468,0.92929,2.45965,2.44393,0.92929,2.27112,2.55235,0.92929,2.37188,2.51776,0.92929,2.33973
58,Watkins,AVL,FWD,8.9,3.42793,0.64,2.19387,3.37598,0.84157,2.84111,2.77097,0.90939,2.5199,3.25867,0.94086,3.06596,2.86046,0.94086,2.69129
59,Aarons,BOU,DEF,4.5,2.43338,0.30635,0.74546,2.79152,0.30635,0.85517,2.20474,0.30635,0.67542,2.38287,0.30635,0.72999,2.36946,0.30635,0.72588
60,Adams,BOU,MID,5,0,0,0,0,0,0,0,0,0,0,0,0,0,0,0
61,Anthony,BOU,MID,4.5,0,0,0,0,0,0,0,0,0,0,0,0,0,0,0
62,Brooks,BOU,MID,4.9,1.95495,0.22092,0.43188,1.77467,0.45609,0.8094,1.95839,0.60574,1.18628,2.01699,0.677,1.36551,1.73096,0.71233,1.23301
63,Christie,BOU,MID,4.9,2.70748,0.93364,2.52782,2.20967,0.93364,2.06305,2.72422,0.93364,2.54345,2.50775,0.93364,2.34135,2.33569,0.93364,2.18071
64,Cook,BOU,MID,5,2.7646,0.94115,2.60191,2.49497,0.94115,2.34815,2.70945,0.94115,2.55,2.73434,0.94115,2.57343,2.39651,0.94115,2.25548
65,"Enes Ünal",BOU,FWD,5.4,2.00278,0.30906,0.61898,1.68813,0.63806,1.07712,2.15103,0.81437,1.75174,2.14539,0.85881,1.84249,1.80622,0.87175,1.57458
66,Faivre,BOU,MID,5,0,0,0,0,0,0,0,0,0,0,0,0,0,0,0
67,H.Traorè,BOU,MID,4.5,0,0,0,0,0,0,0,0,0,0,0,0,0,0,0
68,Hill,BOU,DEF,4,2.13004,0.10377,0.22103,2.50778,0.10377,0.26023,1.89657,0.10377,0.19681,2.08025,0.10377,0.21587,2.08307,0.10377,0.21616
69,Jebbison,BOU,FWD,4.5,0,0,0,0,0,0,0,0,0,0,0,0,0,0,0
70,Kerkez,BOU,DEF,4.5,2.25647,0.91819,2.07186,2.62672,0.91819,2.41182,2.01708,0.91819,1.85205,2.19865,0.91819,2.01877,2.18711,0.91819,2.00817
71,Kluivert,BOU,MID,5.4,2.31224,0.93282,2.1569,2.22659,0.93282,2.077,2.42839,0.93282,2.26525,2.5316,0.93282,2.36152,2.22957,0.93282,2.07979
72,Mepham,BOU,DEF,4.4,0,0,0,0,0,0,0,0,0,0,0,0,0,0,0
73,Neto,ARS,GK,4.5,4.60605,0.06551,0.30172,4.95997,0.06551,0.32491,3.82003,0.06551,0.25023,3.34365,0.06551,0.21903,4.24143,0.06551,0.27784
74,O.Dango,BOU,MID,5,2.26548,0.94074,2.13123,2.33587,0.94074,2.19745,2.57456,0.94074,2.42199,2.79797,0.94074,2.63216,2.40238,0.94074,2.26001
75,Paulsen,BOU,GK,4,0,0,0,0,0,0,0,0,0,0,0,0,0,0,0
76,Philip,BOU,MID,4.9,1.78929,0.33785,0.6045,1.61013,0.4487,0.72247,1.80259,0.50149,0.90398,1.83236,0.52788,0.96727,1.58946,0.52788,0.83905
77,Scott,BOU,MID,5,1.89212,0.91773,1.73646,1.70364,0.91773,1.56348,1.90619,0.91773,1.74937,1.91,0.91773,1.75287,1.74636,0.91773,1.60269
78,Semenyo,BOU,MID,5.6,3.32501,0.94042,3.12692,2.38873,0.94042,2.24642,3.12015,0.94042,2.93426,2.49073,0.94042,2.34234,2.42993,0.94042,2.28516
79,Senesi,BOU,DEF,4.9,2.61445,0.85007,2.22246,2.9409,0.85007,2.49997,2.44621,0.85007,2.07945,2.692,0.85007,2.28839,2.52852,0.85007,2.14942
80,Sinisterra,BOU,MID,5,2.04475,0.89683,1.83379,1.97079,0.89683,1.76746,2.16964,0.89683,1.9458,2.30736,0.89683,2.06931,1.9617,0.89683,1.75931
81,Smith,BOU,DEF,4.5,2.53041,0.87242,2.20758,2.78893,0.87242,2.43311,2.32306,0.87242,2.02669,2.38103,0.87242,2.07726,2.46912,0.87242,2.15411
82,Solanke,TOT,FWD,7.5,2.7315,0.08,0.21852,3.09469,0.31,0.95935,2.9534,0.64,1.89018,2.8109,0.85311,2.398,3.22981,0.91207,2.94583
83,Tavernier,BOU,MID,5.5,2.93407,0.93501,2.74338,2.72463,0.93501,2.54756,2.96846,0.93501,2.77554,3.14955,0.93501,2.94486,2.54196,0.93501,2.37676
84,Travers,BOU,GK,4.5,3.68761,0.94,3.46636,5.45194,0.06237,0.34003,3.41012,0.06237,0.21268,4.02921,0.06237,0.25129,3.68545,0.06237,0.22985
85,Zabarnyi,BOU,DEF,4.5,2.75491,0.90895,2.50408,3.15475,0.90895,2.86751,2.54283,0.90895,2.31131,2.782,0.90895,2.5287,2.7196,0.90895,2.47198
86,Ajer,BRE,DEF,4.5,2.9129,0.55291,1.61056,2.72397,0.73432,2.00026,2.3432,0.81883,1.91868,2.23268,0.85101,1.90004,2.54848,0.85101,2.16879
87,Brierley,BRE,MID,4.5,1.64,2.0E-5,3.0E-5,1.76369,2.0E-5,3.0E-5,1.94581,2.0E-5,3.0E-5,1.93818,2.0E-5,3.0E-5,1.84797,2.0E-5,3.0E-5
88,Collins,BRE,DEF,4.5,3.17882,0.93091,2.95919,2.99063,0.93091,2.784,2.64147,0.93091,2.45897,2.56081,0.93091,2.38388,2.84029,0.93091,2.64405
89,Damsgaard,BRE,MID,5,1.7654,0.92696,1.63646,1.91228,0.92696,1.77261,2.16824,0.92696,2.00987,2.16071,0.92696,2.00289,2.02413,0.92696,1.87629
90,Dasilva,BRE,MID,4.9,0,0,0,0,0,0,0,0,0,0,0,0,0,0,0
91,Flekken,BRE,GK,4.5,5.04941,0.94941,4.79397,4.69888,0.94941,4.46118,3.74349,0.94941,3.55411,3.54529,0.94941,3.36594,4.71482,0.94941,4.4763
92,Henry,BRE,DEF,4.4,3.07405,0.06141,0.18876,2.91073,0.23795,0.6926,2.69854,0.49124,1.32564,2.59644,0.65243,1.694,2.75662,0.72766,2.00588
93,Hickey,BRE,DEF,4.4,0,0,0,0,0,0,0,0,0,0,0,0,0,0,0
94,Janelt,BRE,MID,4.9,2.28,0.94123,2.14601,2.45497,0.94123,2.31069,2.66645,0.94123,2.50975,2.64056,0.94123,2.48538,2.55528,0.94123,2.40512
95,Jensen,BRE,MID,5.5,2.44002,0.89975,2.1954,2.70537,0.89975,2.43414,3.2541,0.89975,2.92786,3.19356,0.89975,2.87339,2.85806,0.89975,2.57153
96,Ji-soo,BRE,DEF,4,2.64359,4.0E-5,0.00011,2.43795,4.0E-5,0.0001,2.1256,4.0E-5,9.0E-5,2.02736,4.0E-5,8.0E-5,2.26156,4.0E-5,9.0E-5
97,Konak,BRE,MID,4.5,1.64,0.09197,0.15084,1.76369,0.09197,0.16221,1.94581,0.09197,0.17896,1.93818,0.09197,0.17826,1.84797,0.09197,0.16997
98,Lewis-Potter,BRE,MID,5,1.98838,0.86836,1.72663,2.18294,0.86836,1.89558,2.31643,0.86836,2.01148,2.27927,0.86836,1.97922,2.27299,0.86836,1.97377
99,Mbeumo,BRE,MID,7.1,2.79925,0.9409,2.63382,3.27544,0.9409,3.08187,4.17407,0.9409,3.92739,3.97191,0.9409,3.73718,3.45226,0.9409,3.24824
100,Mee,BRE,DEF,4.4,3.0779,0.29242,0.90005,2.9172,0.29242,0.85306,2.68819,0.29242,0.78609,2.5873,0.29242,0.75659,2.7656,0.29242,0.80873
101,Nørgaard,BRE,MID,5,2.16482,0.93396,2.02185,2.29652,0.93396,2.14485,2.54551,0.93396,2.3774,2.52913,0.93396,2.3621,2.37903,0.93396,2.22192
102,Onyeka,BRE,MID,4.9,0,0,0,0,0,0,0,0,0,0,0,0,0,0,0
103,Peart-Harris,BRE,MID,4.5,0,0,0,0,0,0,0,0,0,0,0,0,0,0,0
104,Pinnock,BRE,DEF,4.5,3.38425,0.93199,3.15407,3.24017,0.93199,3.0198,2.92097,0.93199,2.72231,2.86792,0.93199,2.67286,3.13641,0.93199,2.92309
105,Roerslev,BRE,DEF,4.5,2.78442,0.94072,2.61935,2.56374,0.94072,2.41176,2.19973,0.94072,2.06933,2.07697,0.94072,1.95384,2.36859,0.94072,2.22818
106,Schade,BRE,MID,5.5,2.06176,0.93824,1.93443,2.23995,0.93824,2.10161,2.58513,0.93824,2.42547,2.53691,0.93824,2.38023,2.34512,0.93824,2.20028
107,Thiago,BRE,FWD,5.9,0,0,0,0,0,0,0,0,0,0,0,0,0,0,0
108,Toney,BRE,FWD,7.3,2.41803,0,1.27303,2.73301,0,1.43886,3.35551,0,1.76659,3.41304,0,1.79688,2.91994,0,1.53727
109,Valdimarsson,BRE,GK,4,4.60752,0.06001,0.2765,4.2535,0.06001,0.25525,3.42275,0.06001,0.2054,3.22999,0.06001,0.19383,4.26906,0.06001,0.25619
110,Wissa,BRE,FWD,6.1,2.43194,0.94065,2.28762,2.88856,0.94065,2.71714,3.72447,0.94065,3.50344,3.89374,0.94065,3.66266,3.26885,0.94065,3.07485
111,Yarmoliuk,BRE,MID,4.5,1.46425,0.47369,0.6936,1.56091,0.47369,0.73939,1.65091,0.47369,0.78202,1.67153,0.47369,0.79179,1.64214,0.47369,0.77787
112,Zanka,BRE,DEF,4.5,0,0,0,0,0,0,0,0,0,0,0,0,0,0,0
113,Adingra,BHA,MID,5.5,2.39913,0.94032,2.25596,2.49618,0.94032,2.34722,2.18627,0.94032,2.0558,2.43364,0.94032,2.28841,2.14165,0.94032,2.01384
114,Baker-Boaitey,BHA,MID,4.5,0,0,0,0,0,0,0,0,0,0,0,0,0,0,0
115,Baleba,BHA,MID,5,1.52111,0.84366,1.28329,1.78244,0.84366,1.50377,1.69254,0.84366,1.42793,1.78896,0.84366,1.50927,1.72012,0.84366,1.45119
116,Barco,BHA,DEF,4,0,0,0,0,0,0,0,0,0,0,0,0,0,0,0
117,Buonanotte,LEI,MID,5,2.08402,0.8447,1.76036,2.18849,0.8447,1.84861,1.77704,0.8447,1.50106,2.03945,0.8447,1.72271,2.10553,0.8447,1.77853
118,Cozier-Duberry,BHA,MID,4.5,0,0,0,0,0,0,0,0,0,0,0,0,0,0,0
119,Dahoud,BHA,MID,4.9,1.90836,0,0.00751,2.09685,0,0.00826,1.96049,0,0.00772,2.10385,0,0.00828,1.92654,0,0.00759
120,Dunk,BHA,DEF,4.5,2.51467,0.93387,2.34837,2.7137,0.93387,2.53424,3.07964,0.93387,2.87598,2.81097,0.93387,2.62508,3.16429,0.93387,2.95504
121,Enciso,BHA,MID,5.4,2.02931,0.92426,1.87562,2.2036,0.92426,2.0367,2.10965,0.92426,1.94988,2.24477,0.92426,2.07476,2.09078,0.92426,1.93243
122,Estupiñan,BHA,DEF,5,2.44256,0.90711,2.21567,2.59136,0.90711,2.35064,2.8504,0.90711,2.58562,2.68619,0.90711,2.43666,2.91847,0.90711,2.64737
123,Ferguson,BHA,FWD,5.5,1.83312,0.19538,0.35816,2.09267,0.19538,0.40887,1.88687,0.19538,0.36867,2.03794,0.19538,0.39818,1.86069,0.19538,0.36355
124,Gilmour,BHA,MID,5,1.84218,0,1.71432,2.0501,0,1.90781,1.94093,0,1.80621,2.05557,0,1.91289,1.91737,0,1.78429
125,Gross,BHA,MID,6.5,0,0,0,0,0,0,0,0,0,0,0,0,0,0,0
126,Hinshelwood,BHA,MID,5,2.43931,0.90765,2.21403,2.6314,0.90765,2.38838,2.45223,0.90765,2.22577,2.64825,0.90765,2.40368,2.44862,0.90765,2.22249
127,I.Osman,BHA,MID,5,0,0,0,0,0,0,0,0,0,0,0,0,0,0,0
128,Igor,BHA,DEF,4.4,2.18,0.44334,0.96649,2.3116,0.44334,1.02483,2.67968,0.44334,1.18802,2.4137,0.44334,1.0701,2.76403,0.44334,1.22541
129,"João Pedro",BHA,FWD,5.7,2.61545,0.93377,2.44223,2.95892,0.93377,2.76295,2.39609,0.93377,2.2374,2.89038,0.93377,2.69895,2.36685,0.93377,2.21009
130,Kozlowski,BHA,MID,4.5,0,0,0,0,0,0,0,0,0,0,0,0,0,0,0
131,Lamptey,BHA,DEF,4.5,2.05153,0.61169,1.25489,2.18068,0.61169,1.33389,2.53925,0.61169,1.55323,2.28074,0.61169,1.39509,2.6151,0.61169,1.59962
132,March,BHA,MID,6.5,3.12108,0.24441,0.76283,3.18369,0.5046,1.60648,2.85111,0.67017,1.91071,3.19767,0.79877,2.55419,2.78664,0.82971,2.31211
133,Mazilu,BHA,MID,4.5,0,0,0,0,0,0,0,0,0,0,0,0,0,0,0
134,Milner,BHA,MID,5,1.87681,0.63812,1.19764,2.06075,0.8273,1.70486,1.9542,0.88412,1.72774,2.06068,0.90685,1.86872,1.94744,0.90685,1.76603
135,Minteh,BHA,MID,5.5,2.72248,0.86095,2.34393,2.73443,0.86095,2.35421,2.47557,0.86095,2.13135,2.69888,0.86095,2.32361,2.40302,0.86095,2.06889
136,Mitoma,BHA,MID,6.6,3.4275,0.93437,3.20255,3.36807,0.93437,3.14701,2.89764,0.93437,2.70746,3.29706,0.93437,3.08066,2.7957,0.93437,2.61221
137,Moder,BHA,MID,4.5,1.60721,0.35009,0.56266,1.82911,0.35009,0.64035,1.69263,0.35009,0.59257,1.83234,0.35009,0.64147,1.70821,0.35009,0.59802
138,O’Mahony,BHA,FWD,4.5,0,0,0,0,0,0,0,0,0,0,0,0,0,0,0
139,Offiah,BHA,DEF,4,0,0,0,0,0,0,0,0,0,0,0,0,0,0,0
140,Peupion,BHA,MID,4.5,1.6199,0.00092,0.0015,1.83389,0.00092,0.00169,1.72648,0.00092,0.00159,1.83769,0.00092,0.0017,1.73254,0.00092,0.0016
141,Sarmiento,BHA,MID,4.9,0,0,0,0,0,0,0,0,0,0,0,0,0,0,0
142,Steele,BHA,GK,4.5,2.77734,0.5,1.38867,3.3143,0.5,1.65715,4.65272,0.5,2.32636,3.5842,0.5,1.7921,4.66858,0.5,2.33429
143,Undav,BHA,FWD,5.5,0,0,0,0,0,0,0,0,0,0,0,0,0,0,0
144,"Van Hecke",BHA,DEF,4.5,2.32,0.89029,2.06546,2.50057,0.89029,2.22622,3.02799,0.89029,2.69577,2.59539,0.89029,2.31064,3.11831,0.89029,2.77618
145,Veltman,BHA,DEF,4.5,2.1322,0.62037,1.32275,2.3036,0.81725,1.88261,2.72355,0.88222,2.40276,2.3928,0.9107,2.17912,2.8105,0.9107,2.55951
146,Verbruggen,BHA,GK,4.5,2.92304,0.5,1.46152,3.4637,0.5,1.73185,4.52268,0.5,2.26134,3.73331,0.5,1.86666,4.53839,0.5,2.2692
147,Webster,BHA,DEF,4.5,2.17524,0.51292,1.11573,2.30827,0.51292,1.18397,2.71979,0.51292,1.39504,2.41057,0.51292,1.23644,2.80519,0.51292,1.43885
148,Welbeck,BHA,FWD,5.7,2.31208,0.93639,2.16499,2.59361,0.93639,2.42862,2.15493,0.93639,2.01784,2.43107,0.93639,2.27642,2.08579,0.93639,1.9531
149,Wieffer,BHA,MID,5,2.18979,0.11408,0.24982,2.36709,0.23553,0.55752,2.19765,0.31281,0.68745,2.36898,0.34961,0.82822,2.18913,0.36801,0.80563
150,"Andrey Santos",CHE,MID,4.5,0,0,0,0,0,0,0,0,0,0,0,0,0,0,0
151,Ângelo,CHE,MID,4.5,1.82086,0,0.01519,1.84553,0,0.01539,1.76135,0,0.01469,1.83131,0,0.01527,1.68525,0,0.01405
152,Arrizabalaga,BOU,GK,4.5,0,0,0,5.47376,0.94541,5.17495,3.41304,0.94541,3.22673,4.05098,0.94541,3.82984,3.68837,0.94541,3.48703
153,B.Badiashile,CHE,DEF,4.5,2.52812,0.45248,1.14393,2.56603,0.45248,1.16108,2.38491,0.45248,1.07913,2.3936,0.45248,1.08306,2.82555,0.45248,1.27851
154,Bergström,CHE,GK,4,3.88887,0.002,0.00778,3.69547,0.002,0.00739,3.47692,0.002,0.00695,3.34573,0.002,0.00669,5.14334,0.002,0.01029
155,Bettinelli,CHE,GK,4,3.88887,0.002,0.00778,3.69547,0.002,0.00739,3.47692,0.002,0.00695,3.34573,0.002,0.00669,5.14334,0.002,0.01029
156,Broja,EVE,FWD,5.5,1.84321,0.22002,0.40553,1.97154,0.22002,0.43377,1.95923,0.22002,0.43106,1.84707,0.22002,0.40638,1.67378,0.22002,0.36826
157,Caicedo,CHE,MID,5,2.37006,0.94066,2.22943,2.38912,0.94066,2.24735,2.27751,0.94066,2.14237,2.35227,0.94066,2.21269,2.21744,0.94066,2.08586
158,Casadei,CHE,MID,4.5,1.65073,0.3845,0.63471,1.66832,0.3845,0.64148,1.59188,0.3845,0.61208,1.65621,0.3845,0.63682,1.53285,0.3845,0.58939
159,Chalobah,CRY,DEF,4.4,2.55047,0.47377,1.20833,2.48469,0.47377,1.17717,2.56098,0.47377,1.21331,2.50057,0.47377,1.18469,2.65585,0.47377,1.25826
160,Chilwell,CHE,DEF,4.9,2.83969,0.06259,0.17773,2.89247,0.06259,0.18103,2.6622,0.06259,0.16662,2.70586,0.06259,0.16935,3.03227,0.06259,0.18978
161,Chukwuemeka,CHE,MID,4.9,1.98535,0.10162,0.20175,2.02161,0.10162,0.20543,1.96728,0.10162,0.19991,2.05014,0.10162,0.20833,1.81967,0.10162,0.18491
162,Colwill,CHE,DEF,4.5,2.87724,0.68108,1.95964,2.90664,0.68108,1.97967,2.67185,0.68108,1.81976,2.69028,0.68108,1.8323,3.13767,0.68108,2.13701
163,Cucurella,CHE,DEF,5,2.68012,0.94042,2.52043,2.71634,0.94042,2.55449,2.52154,0.94042,2.37129,2.54932,0.94042,2.39742,2.91775,0.94042,2.7439
164,D.D.Fofana,CHE,FWD,5.4,2.28515,0.36364,0.83096,2.31435,0.36364,0.84158,2.30418,0.36364,0.83788,2.41059,0.36364,0.87658,1.96942,0.36364,0.71615
165,Deivid,CHE,FWD,5,1.76854,0.01962,0.0347,1.79403,0.01962,0.0352,1.67078,0.01962,0.03279,1.76353,0.01962,0.03461,1.4754,0.01962,0.02895
166,Dewsbury-Hall,CHE,MID,5.9,2.43853,0.59341,1.44706,2.54205,0.59341,1.50849,2.53268,0.59341,1.50293,2.67231,0.59341,1.58578,2.21679,0.59341,1.31547
167,Disasi,CHE,DEF,4.4,2.73339,0.18979,0.51876,2.77422,0.18979,0.52651,2.54465,0.18979,0.48294,2.5623,0.18979,0.48629,2.99507,0.18979,0.56843
168,Enzo,CHE,MID,5,2.64526,0.91386,2.41739,2.68665,0.91386,2.45522,2.68054,0.91386,2.44963,2.785,0.91386,2.54509,2.41389,0.91386,2.20595
169,Gallagher,CHE,MID,5.9,2.63721,0,2.07607,2.63797,0,2.07667,2.75509,0,2.16887,2.92314,0,2.30116,2.47439,0,1.9479
170,Gilchrist,CHE,DEF,4,0,0,0,0,0,0,0,0,0,0,0,0,0,0,0
171,Gusto,CHE,DEF,5,2.7529,0.61224,1.68544,2.80001,0.8142,2.27977,2.439,0.88232,2.15197,2.47697,0.91277,2.26091,2.92473,0.91277,2.66961
172,James,CHE,DEF,5,2.84902,0.31077,0.88539,2.90241,0.64159,1.86216,2.6737,0.85464,2.28505,2.71903,0.90161,2.4515,3.0375,0.91674,2.7846
173,Kellyman,CHE,MID,4.5,1.80609,0.1233,0.22268,1.82917,0.1233,0.22553,1.75199,0.1233,0.21601,1.82131,0.1233,0.22456,1.67443,0.1233,0.20645
174,Lavia,CHE,MID,4.5,1.99954,0.09664,0.19324,2.0131,0.19952,0.40165,1.96174,0.26498,0.51983,2.04153,0.29616,0.60461,1.82317,0.31175,0.56837
175,Lukaku,CHE,FWD,6.3,0,0,0,0,0,0,0,0,0,0,0,0,0,0,0
176,M.Sarr,CHE,DEF,4.5,0,0,0,0,0,0,0,0,0,0,0,0,0,0,0
177,Madueke,CHE,MID,6.6,2.71263,0.83753,2.2719,2.75737,0.83753,2.30937,2.65277,0.83753,2.22177,2.75294,0.83753,2.30567,2.48864,0.83753,2.08431
178,"Marc Guiu",CHE,FWD,5,1.7549,0.19751,0.34661,1.78298,0.19751,0.35216,1.65913,0.19751,0.3277,1.75177,0.19751,0.346,1.46726,0.19751,0.2898
179,Mudryk,CHE,MID,6.4,2.07837,0.83677,1.73911,2.13659,0.83677,1.78783,2.23061,0.83677,1.86651,2.34421,0.83677,1.96157,1.95141,0.83677,1.63289
180,N.Jackson,CHE,FWD,7.6,3.08546,0.94114,2.90384,3.2612,0.94114,3.06924,3.4807,0.94114,3.27582,3.66314,0.94114,3.44752,2.99891,0.94114,2.82239
181,Nkunku,CHE,MID,6.2,2.36607,0.93446,2.21099,2.43678,0.93446,2.27707,2.35126,0.93446,2.19715,2.47908,0.93446,2.3166,2.04448,0.93446,1.91048
182,Palmer,CHE,MID,10.6,4.11248,0.62415,2.56681,4.37259,0.8254,3.60915,5.31361,0.89401,4.75041,5.64922,0.92563,5.22907,3.55161,0.92563,3.28747
183,Petrović,CHE,GK,4.4,0,0,0,0,0,0,0,0,0,0,0,0,0,0,0
184,"Renato Veiga",CHE,MID,4.5,1.72583,0.40911,0.70606,1.75267,0.40911,0.71704,1.6771,0.40911,0.68612,1.74754,0.40911,0.71494,1.61618,0.40911,0.6612
185,Sánchez,CHE,GK,4.5,4.45646,0.8,3.56517,4.26372,0.8,3.41098,3.47931,0.8,2.78344,3.34865,0.8,2.67892,5.70929,0.8,4.56743
186,Sterling,ARS,MID,6.8,2.15361,0.38349,0.82589,1.94856,0.38349,0.74725,2.4838,0.38349,0.95251,2.29687,0.38349,0.88082,2.21909,0.38349,0.851
187,Tosin,CHE,DEF,4.4,2.55733,0.17824,0.45581,2.58735,0.17824,0.46116,2.36637,0.17824,0.42178,2.3573,0.17824,0.42016,2.89303,0.17824,0.51565
188,Ugochukwu,SOU,MID,4.5,1.69071,0.26758,0.4524,1.4216,0.26758,0.3804,1.64701,0.26758,0.44071,1.48423,0.26758,0.39715,1.77849,0.26758,0.47589
189,W.Fofana,CHE,DEF,4.5,2.74477,0.79165,2.1729,2.78936,0.79165,2.2082,2.63256,0.79165,2.08407,2.66099,0.79165,2.10658,3.00341,0.79165,2.37765
190,Ahamada,CRY,MID,4.5,0,0,0,0,0,0,0,0,0,0,0,0,0,0,0
191,Andersen,FUL,DEF,4.4,3.23616,0.61996,2.00629,3.25664,0.61996,2.01898,3.09341,0.61996,1.91778,3.37482,0.61996,2.09225,3.05076,0.61996,1.89134
192,J.Ayew,LEI,MID,5.4,2.09109,0.88838,1.85768,2.24713,0.88838,1.9963,1.86262,0.88838,1.65471,2.16558,0.88838,1.92385,2.23771,0.88838,1.98793
193,C.Doucouré,CRY,MID,4.9,2.27024,0.67077,1.52281,2.1698,0.67077,1.45544,2.06539,0.67077,1.3854,1.99527,0.67077,1.33837,2.1195,0.67077,1.42169
194,C.Richards,CRY,DEF,4.5,2.51179,0.92788,2.33063,2.4602,0.92788,2.28276,2.37743,0.92788,2.20595,2.50255,0.92788,2.32206,2.46613,0.92788,2.28826
195,"Chadi Riad",CRY,DEF,4.4,0,0,0,0,0,0,0,0,0,0,0,0,0,0,0
196,Clyne,CRY,DEF,4.4,2.47658,0.64801,1.60484,2.42531,0.64801,1.57162,2.5362,0.64801,1.64347,2.47857,0.64801,1.60613,2.63005,0.64801,1.70429
197,Ebiowei,CRY,MID,4.5,0,0,0,0,0,0,0,0,0,0,0,0,0,0,0
198,Edouard,LEI,FWD,5.4,0,0,0,2.1001,0.74145,1.55713,1.58289,0.74145,1.17364,1.95488,0.74145,1.44945,2.18381,0.74145,1.61919
199,Eze,CRY,MID,6.9,3.38466,0.94067,3.18385,3.14529,0.94067,2.95868,2.85923,0.94067,2.6896,2.79118,0.94067,2.62558,3.00919,0.94067,2.83066
200,Guéhi,CRY,DEF,4.5,2.60748,0.92562,2.41354,2.55341,0.92562,2.36349,2.68218,0.92562,2.48268,2.59168,0.92562,2.39891,2.77317,0.92562,2.56691
201,Henderson,CRY,GK,4.5,3.78759,0.9,3.40883,3.38132,0.9,3.04319,4.18228,0.9,3.76405,3.73367,0.9,3.3603,3.8946,0.9,3.50514
202,Holding,CRY,DEF,4.4,2.65639,0.00135,0.00358,2.5753,0.00135,0.00347,2.55136,0.00135,0.00344,2.57111,0.00135,0.00347,2.65982,0.00135,0.00359
203,Hughes,CRY,MID,4.9,2.3255,0.92044,2.14048,2.22088,0.92044,2.04418,1.99087,0.92044,1.83247,2.04553,0.92044,1.88279,2.02404,0.92044,1.863
204,Johnstone,WOL,GK,4.4,3.58123,0.1,0.35812,4.10466,0.1,0.41047,3.61418,0.1,0.36142,3.84334,0.1,0.38433,3.92411,0.1,0.39241
205,Kamada,CRY,MID,5.4,2.61341,0.91736,2.39743,2.45352,0.91736,2.25075,2.22701,0.91736,2.04296,2.21128,0.91736,2.02853,2.32942,0.91736,2.13691
206,Lerma,CRY,MID,4.9,2.56744,0.45384,1.16522,2.44324,0.60276,1.47269,2.18603,0.67367,1.47267,2.25149,0.70908,1.59649,2.24738,0.70908,1.59358
207,Mateta,CRY,FWD,7.4,3.03436,0.94113,2.85573,2.89143,0.94113,2.72121,2.64545,0.94113,2.48971,2.55109,0.94113,2.4009,2.67799,0.94113,2.52034
208,M.França,CRY,MID,4.4,0,0,0,0,0,0,0,0,0,0,0,0,0,0,0
209,Matthews,CRY,GK,4,3.78318,0.00201,0.00759,3.37787,0.00201,0.00677,3.91085,0.00201,0.00784,3.73157,0.00201,0.00748,3.62214,0.00201,0.00726
210,Mitchell,CRY,DEF,4.9,2.80165,0.9412,2.6369,2.72308,0.9412,2.56295,2.62136,0.9412,2.46721,2.72633,0.9412,2.56601,2.72529,0.9412,2.56502
211,Muñoz,CRY,DEF,5,3.0708,0.91309,2.80391,2.9565,0.91309,2.69954,2.88128,0.91309,2.63086,2.88123,0.91309,2.63081,3.00982,0.91309,2.74823
212,Ozoh,CRY,MID,4.5,0,0,0,0,0,0,0,0,0,0,0,0,0,0,0
213,Rak-Sakyi,CRY,MID,4.5,0,0,0,0,0,0,0,0,0,0,0,0,0,0,0
214,Schlupp,CRY,MID,4.9,1.92067,0.73895,1.41928,1.82725,0.73895,1.35025,1.76425,0.73895,1.3037,1.67449,0.73895,1.23737,1.80835,0.73895,1.33628
215,Ward,CRY,DEF,4.4,2.2551,0.2345,0.52882,2.21294,0.2345,0.51893,2.28431,0.2345,0.53567,2.28839,0.2345,0.53662,2.37761,0.2345,0.55754
216,Wharton,CRY,MID,5,3.12719,0.63981,2.00079,2.97718,0.8158,2.42878,2.57064,0.85984,2.21034,2.73228,0.87257,2.3841,2.62976,0.87257,2.29465
217,A.Doucoure,EVE,MID,5.4,2.4165,0.94039,2.27245,2.38425,0.94039,2.24212,2.61839,0.94039,2.4623,2.6717,0.94039,2.51243,2.1647,0.94039,2.03565
218,Beto,EVE,FWD,5,1.75039,0.87933,1.53917,1.87459,0.87933,1.64838,1.89745,0.87933,1.66848,1.78679,0.87933,1.57117,1.5778,0.87933,1.3874
219,Branthwaite,EVE,DEF,4.9,0,0,0,0,0,0,0,0,0,0,0,0,0,0,0
220,Calvert-Lewin,EVE,FWD,5.9,2.58489,0.93929,2.42796,2.76965,0.93929,2.60151,2.91137,0.93929,2.73462,2.82519,0.93929,2.65368,2.53522,0.93929,2.38131
221,Coleman,EVE,DEF,4.4,2.82,0.88839,2.50525,2.4239,0.88839,2.15336,2.35027,0.88839,2.08795,2.52089,0.88839,2.23952,2.38372,0.88839,2.11766
222,Gana,EVE,MID,5,2.37427,0.90263,2.14308,2.38936,0.90263,2.1567,2.42598,0.90263,2.18975,2.40259,0.90263,2.16864,2.1182,0.90263,1.91194
223,Garner,EVE,MID,5,2.47551,0.69597,1.72289,2.4703,0.69597,1.71926,2.5739,0.69597,1.79137,2.59332,0.69597,1.80488,2.23266,0.69597,1.55387
224,Harrison,EVE,MID,5.4,2.70477,0.86703,2.34512,2.71963,0.86703,2.358,3.00311,0.86703,2.60379,3.06463,0.86703,2.65713,2.54214,0.86703,2.20411
225,Holgate,EVE,DEF,4,0,0,0,0,0,0,0,0,0,0,0,0,0,0,0
226,Iroegbunam,EVE,MID,4.5,2.0276,0.72699,1.47404,2.04361,0.72699,1.48568,2.08651,0.72699,1.51686,2.07484,0.72699,1.50838,1.78412,0.72699,1.29703
227,J.Virginia,EVE,GK,4,4.06676,0.002,0.00813,3.71664,0.002,0.00743,3.30749,0.002,0.00662,3.68781,0.002,0.00738,3.16189,0.002,0.00632
228,Keane,EVE,DEF,4,2.59832,0.5906,1.53455,2.20486,0.5906,1.30218,2.09296,0.5906,1.23609,2.26413,0.5906,1.33719,2.15662,0.5906,1.27369
229,Maupay,EVE,FWD,4.9,1.79606,0,0.66272,1.86437,0,0.68792,1.93916,0,0.71552,1.84394,0,0.68038,1.61214,0,0.59485
230,McNeil,EVE,MID,5.4,3.77594,0.94123,3.55404,3.81482,0.94123,3.59063,4.26656,0.94123,4.01582,4.42028,0.94123,4.16051,3.80358,0.94123,3.58005
231,Mykolenko,EVE,DEF,4.4,3.02018,0.91165,2.75335,2.63099,0.91165,2.39854,2.57225,0.91165,2.34499,2.733,0.91165,2.49153,2.57619,0.91165,2.34857
232,Ndiaye,EVE,FWD,5.4,2.15233,0.83236,1.79151,2.28142,0.83236,1.89896,2.37359,0.83236,1.97568,2.25652,0.83236,1.87823,1.97914,0.83236,1.64735
233,Onana,AVL,MID,5.1,2.25648,0.91799,2.07142,2.22982,0.91799,2.04694,1.92955,0.91799,1.7713,2.16734,0.91799,1.98959,2.08643,0.91799,1.91532
234,Patterson,EVE,DEF,4.4,0,0,0,0,0,0,0,0,0,0,0,0,0,0,0
235,Pickford,EVE,GK,4.9,4.09259,0.94941,3.88556,3.74034,0.94941,3.55112,3.46955,0.94941,3.29403,3.85681,0.94941,3.66171,3.19134,0.94941,3.0299
236,Tarkowski,EVE,DEF,4.9,3.20585,0.94123,3.01745,2.84968,0.94123,2.68221,2.91109,0.94123,2.74001,3.02802,0.94123,2.85007,2.71229,0.94123,2.55289
237,"Y. Chermiti",EVE,FWD,5,0,0,0,0,0,0,0,0,0,0,0,0,0,0,0
238,Young,EVE,DEF,4.5,2.70349,0.73337,1.98265,2.33842,0.73337,1.71491,2.11289,0.73337,1.54952,2.27448,0.73337,1.66802,2.22292,0.73337,1.63021
239,Adama,FUL,MID,5,2.64537,0.89979,2.38028,2.53877,0.89979,2.28436,2.30392,0.89979,2.07304,2.00066,0.89979,1.80018,2.30238,0.89979,2.07166
240,Andreas,FUL,MID,5.4,3.66311,0.87362,3.20015,3.48249,0.87362,3.04236,3.29481,0.87362,2.87839,2.79157,0.87362,2.43876,3.2053,0.87362,2.8002
241,Bassey,FUL,DEF,4.5,2.41853,0.94002,2.27347,2.47259,0.94002,2.32428,2.59219,0.94002,2.43671,3.01785,0.94002,2.83684,2.33691,0.94002,2.19675
242,Benda,FUL,GK,4,3.45071,0.06,0.20704,3.71577,0.06,0.22295,3.62418,0.06,0.21745,4.58113,0.06,0.27487,3.38683,0.06,0.20321
243,Cairney,FUL,MID,4.9,1.95247,0.91357,1.78371,1.89731,0.91357,1.73332,1.62501,0.91357,1.48455,1.43361,0.91357,1.3097,1.74136,0.91357,1.59085
244,Castagne,FUL,DEF,4.4,2.86883,0.46865,1.34449,2.8982,0.46865,1.35825,2.73312,0.46865,1.28088,3.14691,0.46865,1.47481,2.72761,0.46865,1.2783
245,Diop,FUL,DEF,4.5,2.50642,0.81473,2.04204,2.5602,0.81473,2.08586,2.65897,0.81473,2.16633,3.08123,0.81473,2.51036,2.42231,0.81473,1.97352
246,Harris,FUL,MID,4.5,0,0,0,0,0,0,0,0,0,0,0,0,0,0,0
247,Iwobi,FUL,MID,5.5,2.94872,0.94092,2.7745,2.85995,0.94092,2.69098,2.8329,0.94092,2.66553,2.51243,0.94092,2.36399,2.68101,0.94092,2.52261
248,Leno,FUL,GK,5,4.08019,0.94941,3.87378,4.34508,0.94941,4.12527,4.11269,0.94941,3.90463,5.0695,0.94941,4.81305,4.016,0.94941,3.81284
249,Lukić,FUL,MID,5,2.1327,0.92008,1.96226,2.11303,0.92008,1.94417,2.03995,0.92008,1.87692,1.89033,0.92008,1.73927,1.98007,0.92008,1.82183
250,Mbabu,FUL,DEF,4,2.1307,0,0.05709,2.17775,0,0.05835,2.20993,0,0.05921,2.6434,0,0.07083,2.042,0,0.05472
251,Muniz,FUL,FWD,6.1,2.76187,0.94015,2.59658,2.67678,0.94015,2.51658,2.55958,0.94015,2.4064,2.10896,0.94015,1.98275,2.53215,0.94015,2.38061
252,Raúl,FUL,FWD,5.4,1.98869,0.76808,1.52748,1.91055,0.76808,1.46746,1.84582,0.76808,1.41774,1.40971,0.76808,1.08278,1.78026,0.76808,1.36739
253,Ream,FUL,DEF,4.5,0,0,0,0,0,0,0,0,0,0,0,0,0,0,0
254,Reed,FUL,MID,4.9,1.76721,0.81507,1.44041,1.73928,0.81507,1.41764,1.73215,0.81507,1.41183,1.54641,0.81507,1.26044,1.60302,0.81507,1.30658
255,Robinson,FUL,DEF,4.6,3.12147,0.94121,2.93795,3.13231,0.94121,2.94815,2.99007,0.94121,2.81427,3.30292,0.94121,3.10873,2.9336,0.94121,2.76113
256,Stansfield,FUL,FWD,5,1.74517,0,0.62145,1.68436,0,0.5998,1.74863,0,0.62268,1.29548,0,0.46132,1.60106,0,0.57013
257,Tete,FUL,DEF,4.5,2.55034,0.67238,1.7148,2.58952,0.67238,1.74114,2.50906,0.67238,1.68704,2.96934,0.67238,1.99653,2.44061,0.67238,1.64102
258,Vinicius,FUL,FWD,5,1.72538,0.00814,0.01404,1.66074,0.00814,0.01351,1.69146,0.00814,0.01376,1.27506,0.00814,0.01037,1.54494,0.00814,0.01257
259,Wilson,FUL,MID,5.4,1.85835,0.93121,1.73052,1.80338,0.93121,1.67933,1.66685,0.93121,1.55219,1.4705,0.93121,1.36935,1.64904,0.93121,1.53561
260,Al-Hamadi,IPS,FWD,5,1.28417,0.81486,1.04642,1.63058,0.81486,1.32869,1.26684,0.81486,1.03229,1.40757,0.81486,1.14697,1.56533,0.81486,1.27552
261,Baggott,IPS,DEF,4,0,0,0,0,0,0,0,0,0,0,0,0,0,0,0
262,Broadhead,IPS,MID,4.9,2.08909,0.20956,0.43779,2.33105,0.43264,1.00851,2.15276,0.5746,1.23698,2.20263,0.6422,1.41453,2.37838,0.676,1.60779
263,Burgess,IPS,DEF,4,2.20908,0.48372,1.06857,2.03993,0.48372,0.98675,2.03635,0.48372,0.98501,2.25001,0.48372,1.08837,1.98965,0.48372,0.96243
264,Burns,IPS,MID,4.9,1.86331,0.01,0.01863,2.10813,0.62708,1.32197,1.91449,0.75031,1.43647,1.98637,0.78766,1.56458,2.13459,0.80817,1.7251
265,Chaplin,IPS,MID,5.4,2.05367,0.88262,1.8126,2.32121,0.88262,2.04874,2.10089,0.88262,1.85428,2.1681,0.88262,1.9136,2.34832,0.88262,2.07266
266,H.Clarke,IPS,DEF,4,0,0,0,0,0,0,0,0,0,0,0,0,0,0,0
267,Davis,IPS,DEF,4.5,2.78783,0.94072,2.62257,2.70104,0.94072,2.54093,2.73938,0.94072,2.577,2.87055,0.94072,2.7004,2.79371,0.94072,2.62811
268,Delap,IPS,FWD,5.5,2.35087,0.93127,2.18929,2.71018,0.93127,2.52391,2.42399,0.93127,2.25739,2.46875,0.93127,2.29907,2.75386,0.93127,2.56458
269,Edmundson,IPS,DEF,4,0,0,0,0,0,0,0,0,0,0,0,0,0,0,0
270,Greaves,IPS,DEF,4,2.299,0.929,2.13577,2.12842,0.929,1.97731,2.12366,0.929,1.97288,2.33846,0.929,2.17243,2.07569,0.929,1.92832
271,Harness,IPS,MID,4.9,0,0,0,0,0,0,0,0,0,0,0,0,0,0,0
272,Hirst,IPS,FWD,5.4,0,0,0,0,0,0,2.23282,0.01,0.02233,2.25718,0.74656,1.68513,2.57057,0.87187,2.2412
273,Humphreys,IPS,MID,4.5,0,0,0,0,0,0,0,0,0,0,0,0,0,0,0
274,Hutchinson,IPS,MID,5.5,2.38843,0.9412,2.24798,2.65697,0.9412,2.50074,2.43955,0.9412,2.2961,2.50433,0.9412,2.35707,2.6882,0.9412,2.53013
275,Johnson,IPS,DEF,4,2.23936,0.4537,1.016,2.07389,0.4537,0.94093,2.05156,0.4537,0.9308,2.2761,0.4537,1.03267,2.00402,0.4537,0.90923
276,Ladapo,IPS,FWD,4.5,0,0,0,0,0,0,0,0,0,0,0,0,0,0,0
277,Luongo,IPS,MID,4.5,1.93635,0.78205,1.51432,2.1542,0.78205,1.68469,1.96371,0.78205,1.53572,2.04548,0.78205,1.59967,2.16531,0.78205,1.69338
278,Morsy,IPS,MID,4.9,2.00959,0.94101,1.89105,2.24823,0.94101,2.11561,2.09096,0.94101,1.96761,2.13035,0.94101,2.00468,2.31718,0.94101,2.18049
279,Ndaba,IPS,DEF,4,0,0,0,0,0,0,0,0,0,0,0,0,0,0,0
280,Slicker,IPS,GK,4,4.11506,0.0048,0.01974,3.88577,0.0048,0.01864,3.35888,0.0048,0.01611,3.69547,0.0048,0.01772,3.15036,0.0048,0.01511
281,Taylor,IPS,MID,4.9,1.8944,0.75443,1.42919,2.134,0.75443,1.60995,1.96646,0.75443,1.48355,2.02034,0.75443,1.5242,2.1871,0.75443,1.65001
282,Tuanzebe,IPS,DEF,4,2.29785,0.89991,2.06785,2.128,0.89991,1.915,2.12419,0.89991,1.91157,2.33853,0.89991,2.10447,2.07665,0.89991,1.8688
283,Walton,IPS,GK,4.5,4.46936,0.06236,0.27869,4.24291,0.06236,0.26457,3.44435,0.06236,0.21478,4.05148,0.06236,0.25264,3.23745,0.06236,0.20188
284,Woolfenden,IPS,DEF,4,2.25252,0.88792,2.00006,2.08194,0.88792,1.8486,2.07717,0.88792,1.84437,2.29198,0.88792,2.0351,2.02921,0.88792,1.80178
285,B.Soumaré,LEI,MID,4.5,1.78977,0.58412,1.04544,1.91368,0.58412,1.11782,1.60258,0.58412,0.9361,1.83891,0.58412,1.07415,1.92862,0.58412,1.12655
286,Cannon,LEI,FWD,4.5,0,0,0,0,0,0,0,0,0,0,0,0,0,0,0
287,Choudhury,LEI,MID,4.5,1.83371,0.38381,0.70379,1.96857,0.38381,0.75556,1.6345,0.38381,0.62733,1.88885,0.38381,0.72496,1.96457,0.38381,0.75402
288,Coady,LEI,DEF,4,2.38594,0.33111,0.79,1.98965,0.33111,0.65879,2.48429,0.33111,0.82256,2.07949,0.33111,0.68853,2.03993,0.33111,0.67543
289,Daka,LEI,FWD,4.9,0,0,0,0,0,0,0,0,0,0,0,0,0,0,0
290,"De Cordova-Reid",LEI,MID,5.4,1.88547,0.91555,1.72624,2.05255,0.91555,1.87921,1.68759,0.91555,1.54507,1.96913,0.91555,1.80283,2.00422,0.91555,1.83496
291,Faes,LEI,DEF,4.1,2.4294,0.9412,2.28655,2.03057,0.9412,1.91117,2.52819,0.9412,2.37953,2.12107,0.9412,1.99636,2.08286,0.9412,1.96039
292,Golding,LEI,MID,4.5,1.83371,0.41597,0.76277,1.96857,0.41597,0.81886,1.6345,0.41597,0.6799,1.88885,0.41597,0.7857,1.96457,0.41597,0.8172
293,Hermansen,LEI,GK,4.5,4.36858,0.94889,4.14528,3.26215,0.94889,3.09541,4.8015,0.94889,4.55607,3.55472,0.94889,3.37302,4.25754,0.94889,4.03992
294,Iversen,LEI,GK,4,4,0.0648,0.25919,3.15036,0.0648,0.20414,4.43673,0.0648,0.28749,3.44294,0.0648,0.2231,3.88577,0.0648,0.25179
295,Justin,LEI,DEF,4.5,2.89716,0.94027,2.72412,2.57554,0.94027,2.42171,2.9429,0.94027,2.76713,2.64113,0.94027,2.48339,2.60037,0.94027,2.44506
296,Kristiansen,LEI,DEF,4.5,2.85768,0.86256,2.46491,2.54555,0.86256,2.19568,2.90713,0.86256,2.50757,2.61423,0.86256,2.25493,2.56826,0.86256,2.21527
297,Marcal,LEI,MID,4.5,0,0,0,0,0,0,0,0,0,0,0,0,0,0,0
298,Mavididi,LEI,MID,5.4,2.26108,0.94123,2.1282,2.6727,0.94123,2.51563,2.07692,0.94123,1.95487,2.6628,0.94123,2.50632,2.61072,0.94123,2.4573
299,McAteer,LEI,MID,4.9,1.81176,0.89371,1.61919,1.97151,0.89371,1.76196,1.60044,0.89371,1.43033,1.89337,0.89371,1.69212,1.95404,0.89371,1.74634
300,Ndidi,LEI,MID,5,2.46418,0.93891,2.31363,2.73413,0.93891,2.56709,2.3095,0.93891,2.1684,2.69687,0.93891,2.5321,2.70043,0.93891,2.53545
301,Okoli,LEI,DEF,4,2.36773,0.70055,1.65871,1.96942,0.70055,1.37968,2.46435,0.70055,1.7264,2.05835,0.70055,1.44197,2.01942,0.70055,1.4147
302,Ricardo,LEI,DEF,4.4,2.85185,0.41355,1.17937,2.53388,0.41355,1.04787,2.89692,0.41355,1.198,2.59854,0.41355,1.07461,2.55626,0.41355,1.05713
303,Souttar,LEI,DEF,4,0,0,0,0,0,0,0,0,0,0,0,0,0,0,0
304,Stolarczyk,LEI,GK,4,0,0.002,0,0,0.002,0,0,0.002,0,0,0.002,0,0,0.002,0
305,Thomas,LEI,DEF,4,2.38219,0.21297,0.50733,2.02629,0.21297,0.43154,2.49464,0.21297,0.53128,2.11446,0.21297,0.45032,2.02296,0.21297,0.43083
306,Vardy,LEI,FWD,5.6,2.23486,0.93794,2.09617,2.5925,0.93794,2.43161,1.90572,0.93794,1.78745,2.41763,0.93794,2.2676,2.53899,0.93794,2.38142
307,Vestergaard,LEI,DEF,4,2.39821,0.77511,1.85889,2.00174,0.77511,1.55157,2.49881,0.77511,1.93686,2.09314,0.77511,1.62242,2.05398,0.77511,1.59207
308,Ward,LEI,GK,4,4,0.00229,0.00916,3.15036,0.00229,0.00722,4.43673,0.00229,0.01016,3.44294,0.00229,0.00789,3.88577,0.00229,0.0089
309,Winks,LEI,MID,4.5,2.09337,0.9412,1.97027,2.23076,0.9412,2.09958,1.89534,0.9412,1.78389,2.15346,0.9412,2.02683,2.23729,0.9412,2.10573
310,A.Becker,LIV,GK,5.5,3.56886,0.94937,3.38817,3.66669,0.94937,3.48104,4.16853,0.94937,3.95747,4.41467,0.94937,4.19115,3.79928,0.94937,3.60692
311,Alexander-Arnold,LIV,DEF,7,4.33633,0.94049,4.07829,4.47171,0.94049,4.20561,4.35515,0.94049,4.09598,4.24963,0.94049,3.99675,4.29179,0.94049,4.0364
312,Bajcetic,LIV,MID,4.5,0,0,0,0,0,0,0,0,0,0,0,0,0,0,0
313,Bradley,LIV,DEF,4.9,2.64704,0.8378,2.21768,2.74676,0.8378,2.30123,2.82108,0.8378,2.36349,2.91953,0.8378,2.44597,2.77357,0.8378,2.32369
314,Carvalho,BRE,MID,4.9,1.69551,0.77485,1.31377,1.82629,0.77485,1.4151,2.04133,0.77485,1.58172,2.02211,0.77485,1.56683,1.90897,0.77485,1.47917
315,Clark,LIV,MID,4.5,1.84093,0,0.06265,1.83327,0,0.06239,1.84232,0,0.0627,1.80297,0,0.06136,1.74481,0,0.05938
316,Darwin,LIV,FWD,7.3,2.27258,0.8499,1.93147,2.30131,0.8499,1.95588,2.19891,0.8499,1.86885,2.02045,0.8499,1.71718,2.14754,0.8499,1.8252
317,"Diogo J.",LIV,MID,7.6,3.15029,0.9348,2.94489,3.15599,0.9348,2.95021,3.01246,0.9348,2.81604,2.72826,0.9348,2.55037,2.9712,0.9348,2.77747
318,Doak,LIV,MID,4.5,0,0,0,0,0,0,0,0,0,0,0,0,0,0,0
319,Elliott,LIV,MID,5.3,2.47556,0.6537,1.61827,2.57184,0.6537,1.68121,2.36448,0.6537,1.54566,2.23063,0.6537,1.45816,2.51477,0.6537,1.6439
320,Endo,LIV,MID,4.9,1.91476,0.63732,1.22031,1.97765,0.63732,1.26039,1.92144,0.63732,1.22456,1.86805,0.63732,1.19054,1.90775,0.63732,1.21584
321,Gakpo,LIV,FWD,7.3,2.25971,0.9159,2.06967,2.29707,0.9159,2.10389,2.26102,0.9159,2.07087,2.07668,0.9159,1.90203,2.12741,0.9159,1.9485
322,Gomez,LIV,DEF,4.9,2.25868,0.35547,0.80288,2.33817,0.35547,0.83114,2.41678,0.35547,0.85908,2.58,0.35547,0.9171,2.38642,0.35547,0.84829
323,Gravenberch,LIV,MID,5,2.16171,0.87337,1.88798,2.20384,0.87337,1.92478,2.28836,0.87337,1.99859,2.19288,0.87337,1.9152,2.11244,0.87337,1.84495
324,Jones,LIV,MID,5.4,2.20562,0.03253,0.07174,2.27884,0.12604,0.28722,2.04769,0.2602,0.53282,1.96566,0.34558,0.6793,2.19991,0.38624,0.84969
325,Kelleher,LIV,GK,4.4,3.46486,0.06079,0.21062,3.56284,0.06079,0.21658,4.07651,0.06079,0.24781,4.31968,0.06079,0.26259,3.69546,0.06079,0.22464
326,Konaté,LIV,DEF,5,2.29504,0.62398,1.43205,2.37305,0.62398,1.48073,2.50171,0.62398,1.56101,2.67192,0.62398,1.66722,2.44601,0.62398,1.52625
327,"Luis Díaz",LIV,MID,7.6,3.3524,0.94115,3.15511,3.40767,0.94115,3.20713,3.15446,0.94115,2.96882,2.8733,0.94115,2.70421,3.26396,0.94115,3.07188
328,M.Salah,LIV,MID,12.7,5.09351,0.93791,4.77727,5.49553,0.93791,5.15433,4.94546,0.93791,4.63841,4.45656,0.93791,4.17986,5.63854,0.93791,5.28846
329,"Mac Allister",LIV,MID,6.4,2.85909,0.941,2.69039,2.9479,0.941,2.77396,2.86855,0.941,2.69929,2.70856,0.941,2.54874,2.87568,0.941,2.706
330,McConnell,LIV,MID,4.5,1.78258,0.00977,0.01742,1.83879,0.00977,0.01797,1.86686,0.00977,0.01825,1.79368,0.00977,0.01753,1.75938,0.00977,0.0172
331,Morton,LIV,MID,4.5,1.83389,0.09246,0.16957,1.89161,0.09246,0.1749,1.90507,0.09246,0.17615,1.82989,0.09246,0.1692,1.81241,0.09246,0.16758
332,N.Phillips,LIV,DEF,4,0,0,0,0,0,0,0,0,0,0,0,0,0,0,0
333,Quansah,LIV,DEF,4.3,2.43184,0.6681,1.62472,2.51831,0.6681,1.68249,2.61528,0.6681,1.74728,2.75878,0.6681,1.84315,2.57768,0.6681,1.72215
334,R.Williams,LIV,DEF,4,0,0,0,0,0,0,0,0,0,0,0,0,0,0,0
335,Robertson,LIV,DEF,6,3.83077,0.88759,3.40017,3.96181,0.88759,3.51647,3.89792,0.88759,3.45976,3.88404,0.88759,3.44744,3.87316,0.88759,3.43779
336,Szoboszlai,LIV,MID,6.5,2.90751,0.93831,2.72815,3.00925,0.93831,2.82361,2.97321,0.93831,2.7898,2.78157,0.93831,2.60998,2.93253,0.93831,2.75163
337,Tsimikas,LIV,DEF,4.8,2.64846,0.40261,1.06628,2.74525,0.40261,1.10526,2.81242,0.40261,1.1323,2.91102,0.40261,1.17199,2.76802,0.40261,1.11442
338,"Van den Berg",BRE,DEF,4,2.6241,0.33656,0.88316,2.41667,0.33656,0.81335,2.11141,0.33656,0.71061,2.01279,0.33656,0.67742,2.23881,0.33656,0.75349
339,Virgil,LIV,DEF,6,2.69361,0.94123,2.53531,2.77521,0.94123,2.61212,2.8459,0.94123,2.67865,3.01113,0.94123,2.83417,2.82353,0.94123,2.65759
340,Akanji,MCI,DEF,5.5,2.61576,0.93339,2.44152,2.6533,0.93339,2.47657,3.0421,0.93339,2.83946,2.62839,0.93339,2.45332,2.76291,0.93339,2.57887
341,Aké,MCI,DEF,5.4,2.61287,0.58915,1.53937,2.63527,0.58915,1.55257,3.03664,0.58915,1.78903,2.63156,0.58915,1.55038,2.78187,0.58915,1.63894
342,Bernardo,MCI,MID,6.6,3.34661,0.92448,3.09385,2.85728,0.92448,2.64149,3.35505,0.92448,3.10166,3.61768,0.92448,3.34445,3.90222,0.92448,3.60751
343,Bobb,MCI,MID,4.8,0,0,0,0,0,0,0,0,0,0,0,0,0,0,0
344,Carson,MCI,GK,4,3.3999,0.002,0.0068,3.60866,0.002,0.00722,4.23632,0.002,0.00847,3.5636,0.002,0.00713,3.72722,0.002,0.00746
345,"De Bruyne",MCI,MID,9.6,4.78442,0.92862,4.44289,3.55956,0.92862,3.30547,3.7541,0.92862,3.48612,4.89241,0.92862,4.54317,4.54847,0.92862,4.22378
346,Doku,MCI,MID,6.5,2.9548,0.92869,2.7441,2.40094,0.92869,2.22974,2.41401,0.92869,2.24188,3.02164,0.92869,2.80618,2.72614,0.92869,2.53175
347,"Ederson M.",MCI,GK,5.5,3.04581,0.94937,2.8916,3.24225,0.94937,3.0781,4.09234,0.94937,3.88515,3.21016,0.94937,3.04763,3.58401,0.94937,3.40255
348,Foden,MCI,MID,9.4,3.68238,0.44967,1.65586,3.02089,0.59722,1.80414,3.05804,0.66748,2.04119,3.81615,0.71781,2.73927,3.52594,0.71781,2.53096
349,Grealish,MCI,MID,6.4,2.13784,0.66781,1.42766,1.83475,0.66781,1.22526,2.10702,0.66781,1.40708,2.27733,0.66781,1.52082,2.44943,0.66781,1.63575
350,Gvardiol,MCI,DEF,6,3.11162,0.93255,2.90175,3.0216,0.93255,2.81781,3.28342,0.93255,3.06197,3.17753,0.93255,2.96322,3.08955,0.93255,2.88117
351,Haaland,MCI,FWD,15.2,5.84434,0.93077,5.43971,5.18516,0.93077,4.82617,4.67047,0.93077,4.34712,6.34174,0.93077,5.90268,5.48403,0.93077,5.10435
352,J.Alvarez,MCI,FWD,7,3.08835,0,0,2.72303,0,0,2.55846,0,0,3.26768,0,0,3.01264,0,0
353,"João Cancelo",MCI,DEF,5.3,0,0,0,0,0,0,0,0,0,0,0,0,0,0,0
354,Kovačić,MCI,MID,5.5,2.12461,0.93394,1.98426,1.96785,0.93394,1.83785,1.993,0.93394,1.86134,2.20443,0.93394,2.0588,2.1569,0.93394,2.01441
355,Lewis,MCI,DEF,4.7,2.49494,0.68393,1.70635,2.50391,0.68393,1.71249,2.89776,0.68393,1.98185,2.51202,0.68393,1.71803,2.62713,0.68393,1.79676
356,"Matheus N.",MCI,MID,4.9,1.98334,0.58026,1.15085,1.79934,0.58026,1.04409,1.88171,0.58026,1.09188,2.1708,0.58026,1.25963,2.10839,0.58026,1.22341
357,McAtee,MCI,MID,4.9,2.24811,0.44088,0.99116,1.99459,0.44088,0.87938,1.97285,0.44088,0.8698,2.34597,0.44088,1.0343,2.14876,0.44088,0.94735
358,"Ortega Moreno",MCI,GK,5.4,3.29915,0.06283,0.2073,3.50208,0.06283,0.22005,3.84084,0.06283,0.24133,3.46316,0.06283,0.2176,3.33658,0.06283,0.20965
359,Phillips,IPS,MID,5,1.83646,0.4899,0.89967,2.03743,0.4899,0.99813,1.84607,0.4899,0.90438,1.90964,0.4899,0.93553,2.0433,0.4899,1.001
360,Rodrigo,MCI,MID,6.4,3.04312,0.88342,2.68835,2.60752,0.88342,2.30353,2.7426,0.88342,2.42287,3.12895,0.88342,2.76418,3.04789,0.88342,2.69257
361,Rúben,MCI,DEF,5.5,2.60336,0.85237,2.21903,2.65473,0.85237,2.26281,3.01496,0.85237,2.56986,2.61622,0.85237,2.22998,2.71736,0.85237,2.31619
362,Stones,MCI,DEF,5.4,2.79488,0.27699,0.77416,2.7513,0.27699,0.76209,3.12154,0.27699,0.86464,2.8385,0.27699,0.78625,2.92479,0.27699,0.81015
363,Walker,MCI,DEF,5.4,2.91861,0.66939,1.95369,2.88533,0.66939,1.93142,3.36525,0.66939,2.25267,2.94969,0.66939,1.9745,3.19443,0.66939,2.13832
364,Amad,MUN,MID,5,2.23568,0.88966,1.989,2.09628,0.88966,1.86499,2.19897,0.88966,1.95634,2.2009,0.88966,1.95806,2.18626,0.88966,1.94504
365,Antony,MUN,MID,5.9,2.14121,0.43663,0.93493,1.97594,0.43663,0.86276,2.14636,0.43663,0.93717,2.06213,0.43663,0.9004,2.11534,0.43663,0.92363
366,B.Fernandes,MUN,MID,8.4,4.22987,0.94029,3.97731,3.65444,0.94029,3.43624,4.34983,0.94029,4.09011,3.71901,0.94029,3.49695,4.17805,0.94029,3.92858
367,Bayindir,MUN,GK,4.4,4.23798,0.06,0.25428,4.34898,0.06,0.26094,3.69471,0.06,0.22168,4.41763,0.06,0.26506,3.45053,0.06,0.20703
368,Casemiro,MUN,MID,5,2.55569,0.93966,2.40147,2.35316,0.93966,2.21116,2.6284,0.93966,2.46979,2.39289,0.93966,2.24849,2.6031,0.93966,2.44602
369,Dalot,MUN,DEF,5,3.12156,0.94117,2.93793,3.33695,0.94117,3.14065,3.17849,0.94117,2.99151,3.47165,0.94117,3.26742,3.13155,0.94117,2.94733
370,Eriksen,MUN,MID,5.4,2.29596,0.59773,1.37235,2.10443,0.59773,1.25787,2.12573,0.59773,1.27061,2.17647,0.59773,1.30093,2.10209,0.59773,1.25647
371,Evans,MUN,DEF,4.4,2.19743,0.55378,1.21688,2.54678,0.55378,1.41035,2.20834,0.55378,1.22292,2.66023,0.55378,1.47317,2.13981,0.55378,1.18497
372,Garnacho,MUN,MID,6.4,2.73303,0.9412,2.57233,2.53817,0.9412,2.38893,2.61228,0.9412,2.45868,2.63509,0.9412,2.48014,2.58524,0.9412,2.43323
373,Hannibal,MUN,MID,4.5,0,0,0,0,0,0,0,0,0,0,0,0,0,0,0
374,Heaton,MUN,GK,4,3.88577,0.002,0.00777,4,0.002,0.008,3.61523,0.002,0.00723,4.06676,0.002,0.00813,3.37195,0.002,0.00674
375,Højlund,MUN,FWD,6.9,3.01878,0.30906,0.93299,2.66054,0.63807,1.6976,2.71267,0.84978,2.30517,2.71615,0.90524,2.45876,2.75806,0.92689,2.55642
376,Lindelof,MUN,DEF,4.4,0,0,0,0,0,0,0,0,0,0,0,0,0,0,0
377,Maguire,MUN,DEF,5,2.38382,0.91878,2.1902,2.69572,0.91878,2.47676,2.41848,0.91878,2.22204,2.82226,0.91878,2.59303,2.34764,0.91878,2.15696
378,Mainoo,MUN,MID,5.4,2.31611,0.94037,2.17799,2.20139,0.94037,2.07012,2.24454,0.94037,2.11069,2.26554,0.94037,2.13045,2.24118,0.94037,2.10754
379,Malacia,MUN,DEF,4.4,0,0,0,0,0,0,2.61357,0.01,0.02614,2.98277,0.16592,0.49491,2.54503,0.21017,0.53489
380,Martinez,MUN,DEF,4.5,2.48558,0.91802,2.28181,2.77784,0.91802,2.55012,2.53531,0.91802,2.32747,2.90845,0.91802,2.67002,2.46502,0.91802,2.26294
381,McTominay,MUN,MID,4.9,2.11237,0,1.9398,1.9962,0,1.83312,2.13007,0,1.95606,2.05639,0,1.88839,2.11684,0,1.9439
382,Mount,MUN,MID,6.4,0,0,0,0,0,0,0,0,0,0,0,0,0,0,0
383,Onana,MUN,GK,5,4.21665,0.94941,4.00334,4.32893,0.94941,4.10994,3.65477,0.94941,3.46989,4.39683,0.94941,4.17441,3.41048,0.94941,3.23795
384,Pellistri,MUN,MID,5,2.24809,0,0.04179,2.07133,0,0.0385,2.14075,0,0.03979,2.17399,0,0.04041,2.10421,0,0.03911
385,Rashford,MUN,MID,6.9,2.81534,0.91721,2.58227,2.76599,0.91721,2.537,3.14564,0.91721,2.88523,2.96716,0.91721,2.72152,3.15691,0.91721,2.89557
386,Sancho,CHE,MID,6.3,2.89769,0.23094,0.6692,3.0001,0.23094,0.69285,2.97003,0.23094,0.68591,3.11551,0.23094,0.7195,2.56295,0.23094,0.59189
387,Shaw,MUN,DEF,4.9,2.83014,0.26369,0.74628,3.05406,0.54439,1.66261,2.85723,0.72207,2.06311,3.20097,0.79003,2.52885,2.79133,0.81652,2.27918
388,Wan-Bissaka,WHU,DEF,4.5,2.68978,0.84817,2.2814,2.60553,0.84817,2.20994,2.74087,0.84817,2.32472,2.33931,0.84817,1.98414,2.87546,0.84817,2.43888
389,Zirkzee,MUN,FWD,7,2.82314,0.9223,2.60378,2.49371,0.9223,2.29995,2.76384,0.9223,2.54909,2.60679,0.9223,2.40424,2.82303,0.9223,2.60368
390,A.Murphy,NEW,DEF,4,2.2015,0.04021,0.08853,2.2398,0.04021,0.09007,2.1333,0.04021,0.08579,2.08087,0.04021,0.08368,1.99292,0.04021,0.08014
391,Almirón,NEW,MID,5.8,2.02115,0.83657,1.69082,1.85235,0.83657,1.54961,1.77845,0.83657,1.48779,1.84768,0.83657,1.5457,1.97097,0.83657,1.64885
392,Barnes,NEW,MID,6.4,2.40771,0.93504,2.2513,2.1053,0.93504,1.96854,1.84172,0.93504,1.72208,2.00446,0.93504,1.87424,2.09023,0.93504,1.95444
393,Botman,NEW,DEF,4.5,0,0,0,0,0,0,0,0,0,0,0,0,0,0,0
394,"Bruno G.",NEW,MID,6.4,3.28839,0.94123,3.09512,2.99243,0.94123,2.81656,2.75521,0.94123,2.59328,2.94759,0.94123,2.77436,3.0631,0.94123,2.88308
395,Burn,NEW,DEF,4.5,2.57738,0.94111,2.42559,2.60841,0.94111,2.4548,2.52889,0.94111,2.37995,2.44984,0.94111,2.30556,2.42489,0.94111,2.28208
396,Dúbravka,NEW,GK,4.4,3.87135,0.06479,0.25084,3.86842,0.06479,0.25064,3.9007,0.06479,0.25274,4.0563,0.06479,0.26282,3.34591,0.06479,0.21679
397,Fraser,SOU,MID,4.9,2.27035,0.14296,0.32458,2.05219,0.14296,0.29339,2.16103,0.14296,0.30895,1.9429,0.14296,0.27776,2.39579,0.14296,0.34251
398,Gordon,NEW,MID,7.4,3.19045,0.93994,2.99884,2.899,0.93994,2.72489,2.70366,0.93994,2.54128,2.853,0.93994,2.68165,3.12995,0.93994,2.94197
399,Hall,NEW,DEF,4.5,2.36815,0.92269,2.18506,2.38888,0.92269,2.20419,2.27518,0.92269,2.09928,2.23106,0.92269,2.05857,2.15863,0.92269,1.99174
400,Hayden,NEW,MID,4.5,1.91016,0.00922,0.01761,1.77202,0.00922,0.01633,1.64252,0.00922,0.01514,1.7864,0.00922,0.01647,1.76135,0.00922,0.01624
401,Isak,NEW,FWD,8.5,3.77963,0.94059,3.55509,3.49161,0.94059,3.28418,3.78205,0.94059,3.55737,3.68643,0.94059,3.46743,4.30718,0.94059,4.0513
402,J.Murphy,NEW,MID,5.4,2.92919,0.93832,2.74852,2.79838,0.93832,2.62578,2.67558,0.93832,2.51055,2.92753,0.93832,2.74696,3.07455,0.93832,2.88492
403,Joelinton,NEW,MID,6,2.23337,0.93577,2.08992,2.045,0.93577,1.91366,1.90116,0.93577,1.77905,2.04636,0.93577,1.91493,2.08064,0.93577,1.947
404,Kelly,NEW,DEF,4.5,2.59485,0.8945,2.3211,2.62087,0.8945,2.34438,2.48336,0.8945,2.22137,2.48076,0.8945,2.21905,2.36675,0.8945,2.11707
405,Krafth,NEW,DEF,4.5,2.46678,0.62337,1.53771,2.49362,0.82451,2.05601,2.39298,0.89314,2.13726,2.33223,0.92475,2.15672,2.27319,0.92475,2.10212
406,Kuol,NEW,MID,4.5,1.91016,0.01354,0.02587,1.77202,0.01354,0.024,1.64252,0.01354,0.02224,1.7864,0.01354,0.02419,1.76135,0.01354,0.02385
407,Lascelles,NEW,DEF,4.5,0,0,0,0,0,0,0,0,0,0,0,0,0,0,0
408,Lewis,NEW,DEF,4,0,0,0,0,0,0,0,0,0,0,0,0,0,0,0
409,Livramento,NEW,DEF,4.5,2.37212,0.84887,2.01362,2.40951,0.84887,2.04535,2.33733,0.84887,1.98408,2.2511,0.84887,1.91089,2.20753,0.84887,1.8739
410,Longstaff,NEW,MID,4.9,2.54586,0.94116,2.39606,2.35735,0.94116,2.21864,2.25869,0.94116,2.12579,2.35482,0.94116,2.21626,2.47502,0.94116,2.32939
411,Miley,NEW,MID,5,0,0,0,2.2593,0.01,0.02259,2.12698,0.74226,1.57877,2.26698,0.83993,1.90411,2.29455,0.8598,1.97285
412,Odysseas,NEW,GK,4.4,4.06952,0.00201,0.0082,4.06385,0.00201,0.00819,4.05627,0.00201,0.00817,4.25097,0.00201,0.00856,3.50347,0.00201,0.00706
413,Pope,NEW,GK,5,4.06049,0.94815,3.84996,4.05476,0.94815,3.84453,4.27813,0.94815,4.05632,4.24186,0.94815,4.02192,3.7255,0.94815,3.53234
414,Ruddy,NEW,GK,4,3.75361,0.002,0.00751,3.75123,0.002,0.0075,4.03364,0.002,0.00807,3.93927,0.002,0.00788,3.47692,0.002,0.00695
415,Schär,NEW,DEF,5.4,2.72985,0.71792,1.95981,2.73026,0.71792,1.96011,2.54858,0.71792,1.82968,2.58095,0.71792,1.85292,2.44543,0.71792,1.75563
416,Targett,NEW,DEF,4,2.20344,0.00245,0.0054,2.24082,0.00245,0.00549,2.1387,0.00245,0.00524,2.08219,0.00245,0.00511,2.00111,0.00245,0.00491
417,Tonali,NEW,MID,5.5,2.42913,0.55423,1.34631,2.17966,0.55423,1.20804,1.95172,0.55423,1.08171,2.13891,0.55423,1.18545,2.17454,0.55423,1.2052
418,Trippier,NEW,DEF,5.8,4.23805,0.56561,2.3971,3.991,0.56561,2.25737,3.95018,0.56561,2.23428,3.91525,0.56561,2.21452,4.29261,0.56561,2.42796
419,White,NEW,MID,4.5,0,0,0,0,0,0,0,0,0,0,0,0,0,0,0
420,Willock,NEW,MID,4.9,2.15804,0.05101,0.11009,2.00757,0.19767,0.39684,1.89897,0.4081,0.77496,2.02796,0.542,1.09916,2.06591,0.60577,1.25146
421,Wilson,NEW,FWD,6.9,2.62675,0.19079,0.50117,2.37707,0.3939,0.93632,2.24021,0.52315,1.17195,2.46216,0.58469,1.43961,2.53742,0.61547,1.5617
422,Aina,NFO,DEF,4.4,3.15638,0.86701,2.73662,2.88222,0.86701,2.49892,2.78211,0.86701,2.41212,3.08301,0.86701,2.67301,2.76044,0.86701,2.39333
423,Anderson,NFO,MID,5,1.91261,0.93921,1.79634,2.00012,0.93921,1.87853,2.47627,0.93921,2.32573,2.01271,0.93921,1.89035,2.49952,0.93921,2.34756
424,Awoniyi,NFO,FWD,5.8,1.60032,0.9199,1.47214,1.81563,0.9199,1.6702,2.03975,0.9199,1.87637,1.71058,0.9199,1.57357,2.09203,0.9199,1.92446
425,Boly,NFO,DEF,4.5,2.88138,0.74252,2.1395,2.5835,0.74252,1.91831,2.43174,0.74252,1.80563,2.79902,0.74252,2.07834,2.40445,0.74252,1.78536
426,Bowler,NFO,MID,4.5,0,0,0,0,0,0,0,0,0,0,0,0,0,0,0
427,C.Miguel,NFO,GK,4.4,5.48895,0.2,1.09779,4.46443,0.2,0.89289,3.61453,0.2,0.72291,4.59502,0.2,0.919,3.3858,0.2,0.67716
428,"Da Silva Moreira",NFO,MID,4.5,1.68525,0.11371,0.19163,1.74505,0.11371,0.19843,1.89946,0.11371,0.21599,1.73024,0.11371,0.19675,1.91498,0.11371,0.21775
429,Danilo,NFO,MID,4.8,0,0,0,0,0,0,0,0,0,0,0,0,0,0,0
430,Dennis,NFO,FWD,5,1.48871,0.04099,0.06102,1.68686,0.04099,0.06915,1.85323,0.04099,0.07596,1.58908,0.04099,0.06514,1.89715,0.04099,0.07777
431,Dominguez,NFO,MID,4.9,1.54512,0.68635,1.06049,1.58499,0.68635,1.08785,1.84298,0.68635,1.26492,1.5804,0.68635,1.0847,1.86472,0.68635,1.27984
432,Elanga,NFO,MID,5.4,2.43076,0.92122,2.23927,2.58981,0.92122,2.38579,2.77416,0.92122,2.55562,2.52919,0.92122,2.32994,2.7578,0.92122,2.54055
433,Gibbs-White,NFO,MID,6.5,2.83255,0.94012,2.66292,3.1887,0.94012,2.99774,3.69042,0.94012,3.46942,3.26111,0.94012,3.06582,3.70498,0.94012,3.48311
434,Hudson-Odoi,NFO,MID,5.4,2.56317,0.94079,2.41139,2.62552,0.94079,2.47005,2.79055,0.94079,2.62531,2.54422,0.94079,2.39357,2.77565,0.94079,2.61129
435,Mighten,NFO,MID,4.5,0,0,0,0,0,0,0,0,0,0,0,0,0,0,0
436,Murillo,NFO,DEF,4.5,3.14803,0.94117,2.96282,2.8624,0.94117,2.69399,2.77398,0.94117,2.61078,3.06551,0.94117,2.88515,2.75443,0.94117,2.59238
437,N.Williams,NFO,DEF,4.5,2.69934,0.92307,2.49168,2.37688,0.92307,2.19403,2.126,0.92307,1.96244,2.60575,0.92307,2.40528,2.08648,0.92307,1.92596
438,O.Richards,NFO,DEF,4.5,0,0,0,0,0,0,0,0,0,0,0,0,0,0,0
439,O'Brien,NFO,MID,5,0,0,0,0,0,0,0,0,0,0,0,0,0,0,0
440,Omobamidele,NFO,DEF,4.4,2.85511,0.1608,0.4591,2.55417,0.1608,0.41071,2.39941,0.1608,0.38583,2.77458,0.1608,0.44615,2.36554,0.1608,0.38038
441,Panzo,NFO,DEF,4,0,0,0,0,0,0,0,0,0,0,0,0,0,0,0
442,Sangaré,NFO,MID,4.5,1.59204,0.7518,1.19689,1.6432,0.7518,1.23535,1.78327,0.7518,1.34066,1.63041,0.7518,1.22574,1.8005,0.7518,1.35362
443,Sels,NFO,GK,4.5,5.41837,0.8,4.3347,4.39382,0.8,3.51506,3.51681,0.8,2.81344,4.52441,0.8,3.61953,3.28806,0.8,2.63045
444,Toffolo,NFO,DEF,4.4,2.58557,0.45906,1.18692,2.24904,0.45906,1.03243,2.01474,0.45906,0.92488,2.48868,0.45906,1.14244,1.9698,0.45906,0.90425
445,Turner,CRY,GK,4,3.70794,0.06009,0.22282,3.30262,0.06009,0.19846,3.88273,0.06009,0.23332,3.6563,0.06009,0.21971,3.59404,0.06009,0.21597
446,Ui-jo,NFO,FWD,4.5,1.30954,0.01209,0.01583,1.50456,0.01209,0.01819,1.64235,0.01209,0.01986,1.40723,0.01209,0.01702,1.68704,0.01209,0.0204
447,Wood,NFO,FWD,6.1,2.49901,0.94058,2.35053,2.7401,0.94058,2.57729,3.09554,0.94058,2.91161,2.58684,0.94058,2.43314,3.15154,0.94058,2.96428
448,Worrall,NFO,DEF,4.5,2.84068,0,0.01202,2.53477,0,0.01072,2.42094,0,0.01024,2.7937,0,0.01182,2.37446,0,0.01004
449,Yates,NFO,MID,5,1.94403,0.94103,1.82939,1.96794,0.94103,1.8519,2.25073,0.94103,2.11801,1.95095,0.94103,1.83591,2.27432,0.94103,2.14021
450,Alcaraz,SOU,MID,4.9,0,0,0,0,0,0,0,0,0,0,0,0,0,0,0
451,Amo-Ameyaw,SOU,MID,4.5,1.85729,0.17308,0.32146,1.60719,0.17308,0.27817,1.80637,0.17308,0.31265,1.61361,0.17308,0.27928,1.95458,0.17308,0.3383
452,Aribo,SOU,MID,5,2.67119,0.93775,2.50492,2.42066,0.93775,2.26998,2.65108,0.93775,2.48606,2.3757,0.93775,2.22782,2.73714,0.93775,2.56677
453,Armstrong,SOU,FWD,5.5,2.28052,0.94123,2.14649,1.96831,0.94123,1.85263,2.1297,0.94123,2.00454,1.76551,0.94123,1.66175,2.38722,0.94123,2.24693
454,Bazunu,SOU,GK,4.4,0,0,0,0,0,0,0,0,0,0,0,0,0,0,0
455,Bednarek,SOU,DEF,4,2.19969,0.91789,2.01907,2.01424,0.91789,1.84886,2.38623,0.91789,2.1903,2.61873,0.91789,2.40371,2.26012,0.91789,2.07454
456,Bella-Kotchap,SOU,DEF,4,2.06157,0.01335,0.02752,1.90738,0.01335,0.02547,2.21368,0.01335,0.02955,2.4829,0.01335,0.03315,2.11638,0.01335,0.02826
457,Bree,SOU,DEF,4,2.06157,0.40301,0.83083,1.90738,0.40301,0.76869,2.21368,0.40301,0.89213,2.4829,0.40301,1.00063,2.11638,0.40301,0.85292
458,Charles,SOU,MID,4.5,0,0,0,0,0,0,0,0,0,0,0,0,0,0,0
459,Edozie,SOU,MID,4.9,1.92182,0.61374,1.17951,1.70295,0.61374,1.04517,1.85783,0.61374,1.14023,1.64301,0.61374,1.00838,2.06127,0.61374,1.26509
460,Edwards,SOU,DEF,4,2.06157,0.42372,0.87352,1.90738,0.42372,0.80819,2.21368,0.42372,0.93797,2.4829,0.42372,1.05204,2.11638,0.42372,0.89674
461,Harwood-Bellis,SOU,DEF,4,2.0244,0.94122,1.9054,1.87274,0.94122,1.76265,2.18018,0.94122,2.05202,2.44837,0.94122,2.30445,2.08178,0.94122,1.95941
462,Kamaldeen,SOU,MID,5,2.27035,0.16958,0.385,2.05219,0.3501,0.71847,2.16103,0.46497,1.00482,1.9429,0.51968,1.00968,2.39579,0.54703,1.31057
463,Lallana,SOU,MID,5,1.78376,0.74472,1.3284,1.54341,0.74472,1.1494,1.78178,0.74472,1.32692,1.58842,0.74472,1.18293,1.90613,0.74472,1.41953
464,Larios,SOU,DEF,4,2.06157,0.30381,0.62632,1.90738,0.30381,0.57948,2.21368,0.30381,0.67253,2.4829,0.30381,0.75432,2.11638,0.30381,0.64297
465,Lis,SOU,GK,4,3.46054,0,0.00692,2.83762,0,0.00568,3.89003,0,0.00778,4.43171,0,0.00886,3.87249,0,0.00774
466,Lumley,SOU,GK,4,3.39696,0.002,0.00679,2.83159,0.002,0.00566,3.86248,0.002,0.00772,4.41034,0.002,0.00882,3.80227,0.002,0.0076
467,Manning,SOU,DEF,4.4,2.5753,0.33484,0.86232,2.39184,0.33484,0.80089,2.68375,0.33484,0.89863,2.89328,0.33484,0.9688,2.65639,0.33484,0.88948
468,Mara,SOU,FWD,5,1.80139,0,0.56527,1.52061,0,0.47716,1.78204,0,0.55919,1.43851,0,0.4514,1.89849,0,0.59573
469,McCarthy,SOU,GK,4.5,3.51562,0.06691,0.23523,2.95334,0.06691,0.19761,4.19553,0.06691,0.28073,4.73923,0.06691,0.3171,3.92306,0.06691,0.26249
470,Onuachu,SOU,FWD,5,1.80164,0.31953,0.57567,1.52137,0.31953,0.48612,1.78107,0.31953,0.5691,1.43829,0.31953,0.45957,1.89908,0.31953,0.60681
471,Smallbone,SOU,MID,5,2.43417,0.94118,2.29098,2.25345,0.94118,2.12089,2.44273,0.94118,2.29903,2.2021,0.94118,2.07256,2.6309,0.94118,2.47614
472,Stephens,SOU,DEF,4,2.10816,0.87417,1.84289,1.95481,0.87417,1.70884,2.26,0.87417,1.97563,2.52843,0.87417,2.21028,2.16226,0.87417,1.89018
473,Stewart,SOU,FWD,4.5,1.58976,0.22446,0.35683,1.3054,0.46339,0.60491,1.59894,0.61544,0.98405,1.25979,0.68785,0.86654,1.68438,0.7231,1.21797
474,Sugawara,SOU,DEF,4.5,2.62044,0.93172,2.44151,2.45489,0.93172,2.28726,2.75508,0.93172,2.56695,2.94935,0.93172,2.74796,2.72236,0.93172,2.53647
475,Taylor,SOU,DEF,4,2.30576,0.53491,1.23337,2.14735,0.53491,1.14864,2.36555,0.53491,1.26536,2.64642,0.53491,1.4156,2.36928,0.53491,1.26735
476,Walker-Peters,SOU,DEF,4.5,2.65538,0.92589,2.45858,2.46279,0.92589,2.28026,2.77653,0.92589,2.57075,2.97331,0.92589,2.75295,2.73839,0.92589,2.53544
477,Wood,SOU,DEF,4,2.06157,0.23742,0.48946,1.90738,0.23742,0.45285,2.21368,0.23742,0.52557,2.4829,0.23742,0.58949,2.11638,0.23742,0.50247
478,A.Phillips,TOT,DEF,4,0,0,0,0,0,0,0,0,0,0,0,0,0,0,0
479,Austin,TOT,GK,4,3.60866,0.002,0.00722,3.3999,0.002,0.0068,4.24267,0.002,0.00849,4.08867,0.002,0.00818,3.45071,0.002,0.0069
480,Bentancur,TOT,MID,5,1.33332,0.92929,1.23904,1.49427,0.92929,1.38861,1.46818,0.92929,1.36437,1.36476,0.92929,1.26826,1.59399,0.92929,1.48128
481,Bergvall,TOT,MID,4.5,1.56023,0.69528,1.0848,1.73594,0.69528,1.20697,1.7636,0.69528,1.2262,1.66197,0.69528,1.15554,1.84633,0.69528,1.28372
482,Bissouma,TOT,MID,5,1.7967,0.91841,1.65011,1.94085,0.91841,1.7825,1.98492,0.91841,1.82298,1.8865,0.91841,1.73258,2.03557,0.91841,1.8695
483,Bryan,TOT,MID,5,0,0,0,0,0,0,0,0,0,0,0,0,0,0,0
484,Davies,TOT,DEF,4.4,2.36842,0.06972,0.16512,2.30477,0.06972,0.16068,2.5562,0.06972,0.17821,2.5023,0.06972,0.17445,2.39401,0.06972,0.1669
485,Devine,TOT,MID,4.5,1.64532,0.09799,0.16123,1.83201,0.09799,0.17953,1.84394,0.09799,0.1807,1.74108,0.09799,0.17062,1.94909,0.09799,0.191
486,Dragusin,TOT,DEF,4.4,2.49114,0.5017,1.24979,2.47504,0.5017,1.24171,2.65716,0.5017,1.33309,2.59277,0.5017,1.30078,2.58326,0.5017,1.29601
487,E.Royal,TOT,DEF,4.5,2.30544,0,0,2.28965,0,0,2.3963,0,0,2.2618,0,0,2.38378,0,0
488,Forster,TOT,GK,4.5,3.68344,0.06,0.22101,3.48051,0.06,0.20883,4.57941,0.06,0.27477,4.42527,0.06,0.26552,3.53496,0.06,0.2121
489,Gray,TOT,MID,4.9,1.78447,0.42688,0.76176,2.02282,0.42688,0.8635,2.00768,0.42688,0.85704,1.91015,0.42688,0.8154,2.18249,0.42688,0.93166
490,Højbjerg,TOT,MID,5,0,0,0,0,0,0,0,0,0,0,0,0,0,0,0
491,Johnson,TOT,MID,6.4,2.37938,0.94122,2.23952,2.94277,0.94122,2.76979,2.75514,0.94122,2.59319,2.66199,0.94122,2.50551,3.32013,0.94122,3.12497
492,Kulusevski,TOT,MID,6.4,2.29623,0.94008,2.15864,2.74862,0.94008,2.58393,2.59887,0.94008,2.44315,2.48937,0.94008,2.34021,3.03101,0.94008,2.8494
493,"Lo Celso",TOT,MID,4.9,1.57474,0,0.85532,1.80306,0,0.97933,1.733,0,0.94128,1.63964,0,0.89057,1.94568,0,1.0568
494,Maddison,TOT,MID,7.5,2.68852,0.94114,2.53028,3.27164,0.94114,3.07908,3.24332,0.94114,3.05243,3.09701,0.94114,2.91473,3.5888,0.94114,3.37758
495,"Pedro Porro",TOT,DEF,5.5,3.28239,0.94103,3.08882,3.50525,0.94103,3.29854,3.71386,0.94103,3.49485,3.58253,0.94103,3.37127,3.72551,0.94103,3.50581
496,Reguilón,TOT,DEF,4.4,2.49038,0.46043,1.14665,2.5518,0.46043,1.17493,2.80696,0.46043,1.29242,2.70638,0.46043,1.24611,2.69021,0.46043,1.23866
497,Richarlison,TOT,FWD,6.9,0,0,0,0,0,0,0,0,0,0,0,0,0,0,0
498,Romero,TOT,DEF,5.1,2.84622,0.94094,2.67813,2.90209,0.94094,2.7307,3.00515,0.94094,2.82766,2.89495,0.94094,2.72397,3.02097,0.94094,2.84255
499,P.M.Sarr,TOT,MID,4.9,1.72074,0.94091,1.61906,1.89983,0.94091,1.78757,1.95589,0.94091,1.84031,1.85757,0.94091,1.7478,2.01866,0.94091,1.89937
500,Scarlett,TOT,FWD,4.5,0,0,0,0,0,0,0,0,0,0,0,0,0,0,0
501,Skipp,LEI,MID,4.9,1.64485,0.74542,1.22611,1.75564,0.74542,1.3087,1.47799,0.74542,1.10173,1.67639,0.74542,1.24962,1.74543,0.74542,1.30108
502,Solomon,TOT,MID,5.4,0,0,0,0,0,0,0,0,0,0,0,0,0,0,0
503,Son,TOT,MID,10,3.75711,0.94129,3.53652,4.81465,0.94129,4.53197,4.00117,0.94129,3.76626,3.80571,0.94129,3.58227,5.38014,0.94129,5.06426
504,Spence,TOT,DEF,4.4,2.46483,0.47578,1.17272,2.46781,0.47578,1.17413,2.64947,0.47578,1.26056,2.58226,0.47578,1.22858,2.58726,0.47578,1.23096
505,Udogie,TOT,DEF,5,2.63713,0.91504,2.41309,2.63895,0.91504,2.41475,2.90363,0.91504,2.65694,2.82568,0.91504,2.58562,2.75652,0.91504,2.52233
506,"Van de Ven",TOT,DEF,4.5,2.72221,0.49394,1.34462,2.69868,0.65602,1.77039,2.857,0.73317,2.09466,2.77703,0.77166,2.14291,2.78934,0.77166,2.15241
507,Veliz,TOT,FWD,5,0,0,0,0,0,0,0,0,0,0,0,0,0,0,0
508,Vicario,TOT,GK,5,4.01932,0.94941,3.81599,3.81295,0.94941,3.62006,4.38658,0.94941,4.16467,4.23252,0.94941,4.0184,3.86525,0.94941,3.66971
509,Werner,TOT,MID,6.4,2.17558,0.78636,1.71078,2.69336,0.78636,2.11794,2.42546,0.78636,1.90728,2.3078,0.78636,1.81476,3.01175,0.78636,2.36832
510,Whiteman,TOT,GK,4,3.60866,0.002,0.00722,3.3999,0.002,0.0068,4.24267,0.002,0.00849,4.08867,0.002,0.00818,3.45071,0.002,0.0069
511,Álvarez,WHU,MID,5,2.19681,0.86972,1.9106,2.13378,0.86972,1.85578,2.24364,0.86972,1.95133,1.90828,0.86972,1.65966,2.16695,0.86972,1.88464
512,Antonio,WHU,FWD,5.5,2.26742,0.94009,2.13157,2.21401,0.94009,2.08136,2.34792,0.94009,2.20725,2.08364,0.94009,1.9588,2.19832,0.94009,2.06661
513,Areola,WHU,GK,4.5,4.01363,0.6392,2.5655,3.71428,0.83737,3.11022,4.0679,0.90286,3.67272,2.94252,0.93246,2.74378,4.51591,0.93246,4.2109
514,Bowen,WHU,MID,7.5,3.16735,0.84332,2.67109,3.63387,0.84332,3.0645,3.44404,0.84332,2.90442,3.65492,0.84332,3.08226,3.28411,0.84332,2.76955
515,Cornet,SOU,MID,4.9,2.16627,0.08694,0.18834,1.94812,0.08694,0.16937,2.05696,0.08694,0.17883,1.83883,0.08694,0.15987,2.29172,0.08694,0.19924
516,Coufal,WHU,DEF,4.5,2.76962,0.94019,2.60398,2.86093,0.94019,2.68983,2.82993,0.94019,2.66068,2.58746,0.94019,2.43272,2.95358,0.94019,2.77694
517,Cresswell,WHU,DEF,4,2.26816,0.05164,0.11713,2.18396,0.20011,0.43704,2.31355,0.41314,0.95581,1.92438,0.5487,1.0559,2.45974,0.61325,1.50843
518,Downes,SOU,MID,5,2.55049,0.8925,2.27631,2.38902,0.8925,2.1322,2.61825,0.8925,2.33678,2.36898,0.8925,2.11432,2.77963,0.8925,2.48082
519,Earthy,WHU,MID,4.5,0,0,0,0,0,0,0,0,0,0,0,0,0,0,0
520,Emerson,WHU,DEF,4.5,2.55447,0.94056,2.40264,2.53783,0.94056,2.38699,2.60391,0.94056,2.44914,2.26858,0.94056,2.13374,2.74744,0.94056,2.58414
521,Fabianski,WHU,GK,4,3.68968,0.30081,1.10987,3.51132,0.10263,0.36037,3.74391,0.0635,0.23773,2.73953,0.0635,0.17396,4.19195,0.0635,0.26618
522,Foderingham,WHU,GK,4.5,3.97599,0.00562,0.02235,3.57151,0.00562,0.02008,4.03099,0.00562,0.02266,2.80103,0.00562,0.01575,4.47833,0.00562,0.02518
523,Ings,WHU,FWD,5,1.6556,0.48804,0.80799,1.61988,0.48804,0.79056,1.74026,0.48804,0.84931,1.47191,0.48804,0.71835,1.58441,0.48804,0.77325
524,Kilman,WHU,DEF,4.5,2.9437,0.94123,2.7707,2.7951,0.94123,2.63084,2.99089,0.94123,2.81512,2.48753,0.94123,2.34134,3.10822,0.94123,2.92556
525,Kudus,WHU,MID,6.4,2.72646,0.94117,2.56606,2.98681,0.94117,2.81109,2.76541,0.94117,2.60271,2.82991,0.94117,2.66342,2.65127,0.94117,2.49528
526,L.Guilherme,WHU,MID,4.9,2.11305,0.12563,0.26546,2.21815,0.12563,0.27866,2.19317,0.12563,0.27552,2.04489,0.12563,0.2569,2.10562,0.12563,0.26453
527,L.Paquetá,WHU,MID,6,2.56606,0.94074,2.41401,2.74758,0.94074,2.58477,2.68747,0.94074,2.52822,2.62334,0.94074,2.46789,2.57699,0.94074,2.42429
528,Mavropanos,WHU,DEF,4.5,2.63882,0.91826,2.42312,2.55776,0.91826,2.34869,2.68972,0.91826,2.46986,2.27689,0.91826,2.09078,2.8224,0.91826,2.5917
529,N.Aguerd,WHU,DEF,4.4,0,0,0,0,0,0,0,0,0,0,0,0,0,0,0
530,Souček,WHU,MID,5,2.4555,0.94123,2.31119,2.57123,0.94123,2.42012,2.32382,0.94123,2.18725,2.32681,0.94123,2.19006,2.23415,0.94123,2.10285
531,Ward-Prowse,NFO,MID,6.3,2.68199,0.61996,1.66272,2.91913,0.61996,1.80974,3.19153,0.61996,1.97862,2.89262,0.61996,1.7933,3.18359,0.61996,1.9737
532,Zouma,WHU,DEF,4.4,0,0,0,0,0,0,0,0,0,0,0,0,0,0,0
533,Aït-Nouri,WOL,DEF,4.5,2.4844,0.9393,2.3336,2.746,0.9393,2.57932,2.36914,0.9393,2.22534,2.52809,0.9393,2.37464,2.38717,0.9393,2.24227
534,B.Traore,WOL,MID,4.9,0,0,0,0,0,0,0,0,0,0,0,0,0,0,0
535,Bellegarde,WOL,MID,5,1.97286,0.91533,1.80583,1.94873,0.91533,1.78374,1.78669,0.91533,1.63542,1.89024,0.91533,1.73019,1.74466,0.91533,1.59694
536,Bentley,WOL,GK,4,3.66926,0.06091,0.22348,3.98795,0.06091,0.24289,3.70415,0.06091,0.22561,3.72665,0.06091,0.22698,4.01508,0.06091,0.24455
537,Chiquinho,WOL,MID,4.5,0,0,0,0,0,0,0,0,0,0,0,0,0,0,0
538,Chirewa,WOL,MID,4.5,0,0,0,0,0,0,0,0,0,0,0,0,0,0,0
539,Chiwome,WOL,FWD,4.5,0,0,0,0,0,0,0,0,0,0,0,0,0,0,0
540,Cundle,WOL,MID,4.5,1.912,0.03492,0.06676,1.89302,0.03492,0.0661,1.70067,0.03492,0.05938,1.83338,0.03492,0.06402,1.64377,0.03492,0.0574
541,Cunha,WOL,FWD,6.5,3.01407,0.93259,2.8109,2.70981,0.93259,2.52715,2.62625,0.93259,2.44922,2.64628,0.93259,2.4679,2.46452,0.93259,2.29839
542,Dawson,WOL,DEF,4.5,2.5404,0.89121,2.26404,2.87058,0.89121,2.5583,2.47387,0.89121,2.20475,2.65801,0.89121,2.36886,2.51761,0.89121,2.24373
543,Doherty,WOL,DEF,4.5,2.15715,0.89488,1.93038,2.44025,0.89488,2.18372,2.08947,0.89488,1.86981,2.2269,0.89488,1.9928,2.13026,0.89488,1.90632
544,Doyle,WOL,MID,4.9,1.80108,0.78173,1.40796,1.82445,0.78173,1.42624,1.64238,0.78173,1.2839,1.76767,0.78173,1.38185,1.61311,0.78173,1.26103
545,"Fábio Silva",WOL,FWD,5,0,0,0,0,0,0,0,0,0,0,0,0,0,0,0
546,Fraser,WOL,FWD,4.5,0,0,0,0,0,0,0,0,0,0,0,0,0,0,0
547,Gonzalez,WOL,MID,4.5,0,0,0,0,0,0,0,0,0,0,0,0,0,0,0
548,Guedes,WOL,MID,5.4,2.63348,0.57406,1.51178,2.41869,0.57406,1.38848,2.21574,0.57406,1.27197,2.32595,0.57406,1.33524,2.07017,0.57406,1.18841
549,H.Bueno,WOL,DEF,4.5,0,0,0,0,0,0,0,0,0,0,0,0,0,0,0
550,"Hee Chan",WOL,MID,6.4,2.44709,0.93784,2.29497,2.51033,0.93784,2.35428,2.12364,0.93784,1.99162,2.43901,0.93784,2.28739,2.02661,0.93784,1.90062
551,Hodge,WOL,MID,4.5,0,0,0,0,0,0,0,0,0,0,0,0,0,0,0
552,Hoever,WOL,DEF,4,0,0,0,0,0,0,0,0,0,0,0,0,0,0,0
553,J.Gomes,WOL,MID,4.9,2.1402,0.93628,2.00383,2.09479,0.93628,1.96131,1.9433,0.93628,1.81947,2.03682,0.93628,1.90703,1.89601,0.93628,1.77519
554,"José Sá",WOL,GK,4.5,4.06614,0.70483,2.86595,4.35327,0.70483,3.06833,4.10064,0.70483,2.89027,4.09194,0.70483,2.88414,4.41136,0.70483,3.10928
555,Kalajdžić,WOL,FWD,4.9,0,0,0,0,0,0,0,0,0,0,0,0,0,0,0
556,King,WOL,GK,4,3.71577,0.002,0.00743,4.04038,0.002,0.00808,3.75066,0.002,0.0075,3.77907,0.002,0.00756,4.06159,0.002,0.00812
557,"Mario Jr.",WOL,MID,5,2.50507,0.9411,2.35753,2.3712,0.9411,2.23154,2.32077,0.9411,2.18409,2.32949,0.9411,2.19229,2.27121,0.9411,2.13745
558,Mosquera,WOL,DEF,4,2.22363,0.79945,1.77768,2.54477,0.79945,2.03441,2.15309,0.79945,1.72129,2.33248,0.79945,1.8647,2.19152,0.79945,1.75201
559,N.Semedo,WOL,DEF,4.5,2.45179,0.7973,1.95482,2.76315,0.7973,2.20307,2.37009,0.7973,1.88968,2.55026,0.7973,2.03333,2.40465,0.7973,1.91723
560,Neto,CHE,MID,6.5,2.32098,0.88564,2.05556,2.36781,0.88564,2.09703,2.11002,0.88564,1.86872,2.21109,0.88564,1.95823,1.98972,0.88564,1.76218
561,"Pedro Lima",WOL,DEF,4,2.18107,0.14397,0.31402,2.50206,0.14397,0.36023,2.1114,0.14397,0.30398,2.29007,0.14397,0.32971,2.14969,0.14397,0.3095
562,Podence,WOL,MID,5.5,2.47031,0,1.70583,2.35883,0,1.62884,2.16872,0,1.49757,2.33042,0,1.60923,2.05911,0,1.42188
563,R.Gomes,WOL,MID,5.4,2.63046,0.69006,1.81517,2.52239,0.69006,1.7406,2.32952,0.69006,1.60751,2.49453,0.69006,1.72137,2.22066,0.69006,1.53239
564,S.Bueno,WOL,DEF,4.4,2.55526,0.34014,0.86914,2.85882,0.34014,0.97239,2.46135,0.34014,0.8372,2.64652,0.34014,0.90018,2.48904,0.34014,0.84662
565,Sarabia,WOL,MID,5.4,2.59835,0.76121,1.97789,2.33058,0.76121,1.77406,2.23667,0.76121,1.70258,2.30842,0.76121,1.75719,2.09635,0.76121,1.59576
566,"Strand Larsen",WOL,FWD,5.5,2.66131,0.86481,2.30152,2.49924,0.86481,2.16136,2.36729,0.86481,2.04725,2.47185,0.86481,2.13767,2.25444,0.86481,1.94966
567,Toti,WOL,DEF,4.5,2.4487,0.9412,2.30471,2.76165,0.9412,2.59926,2.36582,0.9412,2.2267,2.54238,0.9412,2.39288,2.3987,0.9412,2.25765
568,Muric,IPS,GK,4.4,4.55101,0.94822,4.31535,4.32441,0.94822,4.10048,3.5331,0.94822,3.35015,4.13304,0.94822,3.91902,3.3262,0.94822,3.15396
569,Jaden,AVL,MID,5.4,2.5162,0.20381,0.51283,2.48919,0.27069,0.67379,2.08517,0.30253,0.63083,2.39401,0.31846,0.76239,2.12439,0.31846,0.67653
570,A.Fatawu,LEI,MID,5.5,2.76164,0.94019,2.59648,3.34313,0.94019,3.14319,2.34718,0.94019,2.20681,3.20611,0.94019,3.01436,2.87942,0.94019,2.70721
571,Sávio,MCI,MID,6.5,3.10174,0.36054,1.11831,2.48672,0.47885,1.19076,2.66135,0.53518,1.42431,3.19152,0.56335,1.79794,3.08798,0.56335,1.73962
572,Yoro,MUN,DEF,4.4,0,0,0,0,0,0,0,0,0,0,0,0,0,0,0
573,Milenković,NFO,DEF,4.5,3.02661,0.75218,2.27655,2.74835,0.75218,2.06724,2.61815,0.75218,1.96931,2.95026,0.75218,2.21912,2.57927,0.75218,1.94007
574,Pivas,NEW,DEF,4,2.2102,0.12066,0.26667,2.24759,0.12066,0.27119,2.14546,0.12066,0.25886,2.08895,0.12066,0.25204,2.00787,0.12066,0.24226
575,Wiley,CHE,DEF,4,0,0,0,0,0,0,0,0,0,0,0,0,0,0,0
576,Irving,WHU,MID,4.9,2.11305,0.12563,0.26546,2.21815,0.12563,0.27866,2.19317,0.12563,0.27552,2.04489,0.12563,0.2569,2.10562,0.12563,0.26453
577,Lindstrøm,EVE,MID,5.3,2.47603,0.57212,1.4166,2.46095,0.57212,1.40797,2.59913,0.57212,1.48702,2.66526,0.57212,1.52486,2.29796,0.57212,1.31472
578,Calafiori,ARS,DEF,5.8,3.54657,0.83097,2.9471,3.53549,0.83097,2.93789,3.68028,0.83097,3.0582,3.3857,0.83097,2.81341,3.42526,0.83097,2.84629
579,Sessegnon,FUL,DEF,4.4,2.67056,0.08522,0.22759,2.69825,0.08522,0.22995,2.65982,0.08522,0.22668,3.0474,0.08522,0.25971,2.53187,0.08522,0.21577
580,Huijsen,BOU,DEF,4.5,2.64807,0.6012,1.59202,2.93364,0.6012,1.76371,2.43596,0.6012,1.4645,2.57908,0.6012,1.55055,2.53205,0.6012,1.52227
581,Jørgensen,CHE,GK,4.4,4.23838,0.0628,0.26619,4.04655,0.0628,0.25414,3.55511,0.0628,0.22328,3.425,0.0628,0.21511,5.48895,0.0628,0.34473
582,O'Brien,EVE,DEF,4.9,3.29169,0.33961,1.11788,2.93687,0.33961,0.99738,2.89547,0.33961,0.98332,3.04305,0.33961,1.03344,2.80477,0.33961,0.95252
583,Townsend,IPS,DEF,4,2.20908,0.43127,0.95271,2.03993,0.43127,0.87976,2.03635,0.43127,0.87821,2.25001,0.43127,0.97036,1.98965,0.43127,0.85807
584,"Brereton Díaz",SOU,MID,5.4,2.6705,0.91262,2.43716,2.50592,0.91262,2.28697,2.47533,0.91262,2.25905,2.19893,0.91262,2.00679,2.83315,0.91262,2.5856
585,I.Sarr,CRY,MID,5.9,2.97744,0.9269,2.75979,2.80818,0.9269,2.6029,2.51507,0.9269,2.33122,2.52373,0.9269,2.33924,2.6836,0.9269,2.48743
586,J.Cuenca,FUL,DEF,4.4,2.67056,0.21357,0.57036,2.69825,0.21357,0.57628,2.65982,0.21357,0.56807,3.0474,0.21357,0.65085,2.53187,0.21357,0.54074
587,Summerville,WHU,MID,5.9,2.44802,0.77211,1.89013,2.66573,0.77211,2.05823,2.56228,0.77211,1.97836,2.55117,0.77211,1.96977,2.40374,0.77211,1.85594
588,G.Rodríguez,WHU,MID,5,2.15699,0.73087,1.57648,2.2298,0.73087,1.6297,2.2392,0.73087,1.63656,2.05323,0.73087,1.50065,2.16125,0.73087,1.57959
589,Füllkrug,WHU,FWD,6.9,2.32361,0.92592,2.15147,2.4885,0.92592,2.30415,2.43425,0.92592,2.25392,2.32193,0.92592,2.14991,2.24909,0.92592,2.08247
590,Osula,NEW,FWD,5,1.77178,0.14545,0.25771,1.574,0.14545,0.22894,1.31859,0.14545,0.19179,1.64283,0.14545,0.23896,1.5278,0.14545,0.22222
591,Todibo,WHU,DEF,4.5,2.62867,0.58149,1.52853,2.57795,0.58149,1.49904,2.69191,0.58149,1.56531,2.30741,0.58149,1.34172,2.81264,0.58149,1.63551
592,J.Araujo,BOU,DEF,4.5,2.66203,0.801,2.13229,2.95002,0.801,2.36297,2.45134,0.801,1.96353,2.59675,0.801,2.08,2.54904,0.801,2.04179
593,"De Ligt",MUN,DEF,5,2.80502,0.87032,2.44128,3.03041,0.87032,2.63743,2.83049,0.87032,2.46344,3.17762,0.87032,2.76556,2.76468,0.87032,2.40617
594,Mazraoui,MUN,DEF,4.5,2.67542,0.76645,2.05058,2.95583,0.76645,2.26551,2.78865,0.76645,2.13737,3.08731,0.76645,2.36628,2.72559,0.76645,2.08904
595,Gruda,BHA,MID,5.5,2.58744,0.15957,0.41287,2.69808,0.32942,0.88881,2.42866,0.43752,1.06258,2.70919,0.48899,1.32476,2.39178,0.51473,1.23111
596,"Jota Silva",NFO,MID,6,1.95286,0.90283,1.7631,2.11871,0.90283,1.91283,2.40994,0.90283,2.17576,2.06984,0.90283,1.86872,2.40017,0.90283,2.16694
597,Lewis-Skelly,ARS,MID,4.5,1.76369,0.00034,0.00061,1.64,0.00034,0.00056,1.96815,0.00034,0.00068,1.81422,0.00034,0.00062,1.82086,0.00034,0.00063
598,Bogarde,AVL,DEF,4,1.97748,0.43255,0.85536,2.01369,0.43255,0.87103,2.04002,0.43255,0.88241,2.03987,0.43255,0.88235,2.22367,0.43255,0.96185
599,Dennis,BOU,GK,4,3.60339,0.00354,0.01274,5.11695,0.00354,0.0181,3.32612,0.00354,0.01176,3.69025,0.00354,0.01305,3.60866,0.00354,0.01276
600,Ayari,BHA,MID,5,1.82401,0.77031,1.40505,2.03247,0.77031,1.56563,1.88156,0.77031,1.44938,2.05556,0.77031,1.58342,1.88796,0.77031,1.45431
601,Moran,BHA,MID,5,0,0,0,0,0,0,0,0,0,0,0,0,0,0,0
602,Trevitt,BRE,MID,4.5,1.64,0.03781,0.06201,1.76369,0.03781,0.06669,1.94581,0.03781,0.07358,1.93818,0.03781,0.07329,1.84797,0.03781,0.06988
603,Armstrong,EVE,MID,4.5,1.75802,0.35142,0.6178,1.76406,0.35142,0.61992,1.7964,0.35142,0.63128,1.79269,0.35142,0.62998,1.5144,0.35142,0.53218
604,King,FUL,MID,4.5,1.94909,0.00153,0.00299,1.912,0.00153,0.00293,1.83044,0.00153,0.0028,1.63753,0.00153,0.00251,1.76613,0.00153,0.00271
605,Godo,FUL,MID,4.5,1.94909,0.12582,0.24524,1.912,0.12582,0.24057,1.83044,0.12582,0.23031,1.63753,0.12582,0.20604,1.76613,0.12582,0.22222
606,Alves,LEI,MID,4.5,1.83371,0.13746,0.25206,1.96857,0.13746,0.2706,1.6345,0.13746,0.22468,1.88885,0.13746,0.25964,1.96457,0.13746,0.27005
607,O’Reilly,MCI,MID,5,2.22723,0.09603,0.21388,1.97415,0.09603,0.18958,2.05963,0.09603,0.19779,2.30135,0.09603,0.221,2.27032,0.09603,0.21802
608,Dibling,SOU,MID,4.5,1.79898,0.73617,1.32435,1.57158,0.73617,1.15694,1.81459,0.73617,1.33584,1.63086,0.73617,1.20059,1.95203,0.73617,1.43702
609,Lankshear,TOT,FWD,4.5,1.29305,0.09714,0.12561,1.54703,0.09714,0.15029,1.61827,0.09714,0.15721,1.50407,0.09714,0.14611,1.6377,0.09714,0.15909
610,Moore,TOT,MID,4.5,1.63053,0.23147,0.37743,1.81515,0.23147,0.42016,1.82733,0.23147,0.42298,1.72451,0.23147,0.39918,1.93094,0.23147,0.44696
611,Szmodics,IPS,MID,6,2.37633,0.92614,2.20082,2.67696,0.92614,2.47925,2.44827,0.92614,2.26745,2.50152,0.92614,2.31676,2.72532,0.92614,2.52403
612,Odobert,TOT,MID,5.5,2.60569,0.85354,2.22406,2.95857,0.85354,2.52526,2.62762,0.85354,2.24278,2.52945,0.85354,2.15899,3.1875,0.85354,2.72067
613,Collyer,MUN,MID,4.5,1.92191,0.21996,0.42275,1.78419,0.21996,0.39246,1.76711,0.21996,0.3887,1.83866,0.21996,0.40444,1.76034,0.21996,0.38721
614,Metcalfe,EVE,MID,4.5,0,0,0,0,0,0,0,0,0,0,0,0,0,0,0
615,Rushworth,BHA,GK,4,0,0,0,0,0,0,0,0,0,0,0,0,0,0,0
616,Nelson,LEI,DEF,4,0,0,0,0,0,0,0,0,0,0,0,0,0,0,0
617,Evanilson,BOU,FWD,6,2.51748,0.92275,2.323,2.17921,0.92275,2.01086,2.66257,0.92275,2.45688,2.65437,0.92275,2.44931,2.30356,0.92275,2.1256
618,Georginio,BHA,MID,5.5,2.17207,0.85407,1.8551,2.30267,0.85407,1.96665,2.07126,0.85407,1.769,2.32384,0.85407,1.98473,2.05048,0.85407,1.75126
619,Cajuste,IPS,MID,4.5,1.69697,0.47274,0.80222,1.90339,0.47274,0.89981,1.68815,0.47274,0.79805,1.77257,0.47274,0.83796,1.88701,0.47274,0.89206
620,Sosa,NFO,MID,5.5,2.16603,0.78598,1.70246,2.3082,0.78598,1.8142,2.55106,0.78598,2.00508,2.25049,0.78598,1.76884,2.53658,0.78598,1.99371
621,"João Félix",CHE,MID,6.5,2.49723,0.92335,2.3058,2.5555,0.92335,2.35961,2.51948,0.92335,2.32635,2.65389,0.92335,2.45046,2.15231,0.92335,1.98733
622,Berge,FUL,MID,5,2.42299,0.82639,2.00233,2.36729,0.82639,1.95629,2.38998,0.82639,1.97504,2.1539,0.82639,1.77995,2.20239,0.82639,1.82002
623,M.Fernandes,SOU,MID,5,2.06509,0.78642,1.62403,1.83579,0.78642,1.4437,1.97719,0.78642,1.5549,1.76891,0.78642,1.3911,2.18741,0.78642,1.72023
624,Begovic,EVE,GK,4,4.06676,0.06202,0.25224,3.71664,0.06202,0.23052,3.33544,0.06202,0.20688,3.71577,0.06202,0.23047,3.16189,0.06202,0.19611
625,Gündogan,MCI,MID,6.5,2.72416,0.76707,2.08962,2.19352,0.76707,1.68258,2.40256,0.76707,1.84293,2.84019,0.76707,2.17862,2.83007,0.76707,2.17086
626,Kaboré,MCI,DEF,4.5,0,0,0,0,0,0,0,0,0,0,0,0,0,0,0
627,Dixon,EVE,DEF,4,2.53918,0.29471,0.74831,2.14796,0.29471,0.63302,2.04706,0.29471,0.60328,2.21784,0.29471,0.65361,2.09953,0.29471,0.61875
628,F.Kadıoğlu,BHA,DEF,4.5,2.41272,0.49372,1.19121,2.54527,0.49372,1.25665,2.89456,0.49372,1.4291,2.64443,0.49372,1.30561,2.96962,0.49372,1.46616
629,O'Riley,BHA,MID,5.5,0,0,0,0,0,0,0,0,0,0,0,0,0,0,0
630,O'Shea,IPS,DEF,4,2.528,0.77524,1.95981,2.35539,0.77524,1.826,2.31035,0.77524,1.79108,2.56996,0.77524,1.99234,2.24376,0.77524,1.73946
631,J.Clarke,IPS,MID,5.5,2.32174,0.91737,2.12989,2.58633,0.91737,2.37262,2.32646,0.91737,2.13421,2.39233,0.91737,2.19465,2.58123,0.91737,2.36794
632,Ogbene,IPS,MID,5,2.3494,0.91308,2.14518,2.55326,0.91308,2.33132,2.45143,0.91308,2.23834,2.40561,0.91308,2.1965,2.67904,0.91308,2.44616
633,Merino,ARS,MID,6,0,0,0,0,0,0,0,0,0,0,0,0,0,0,0
634,G.Nunes,BRE,MID,5,1.96126,0.43745,0.85795,2.11732,0.43745,0.92621,2.39756,0.43745,1.04881,2.3623,0.43745,1.03338,2.20578,0.43745,0.96491
635,"El Khannouss",LEI,MID,5,2.07715,0.68102,1.41459,2.23817,0.68102,1.52425,1.81595,0.68102,1.23671,2.13821,0.68102,1.45617,2.19559,0.68102,1.49525
636,Chiesa,LIV,MID,7,3.40762,0.88582,3.01853,3.53118,0.88582,3.12799,3.355,0.88582,2.97192,3.07115,0.88582,2.72048,3.45639,0.88582,3.06174
637,Meupiyou,WOL,DEF,4,2.19644,0.28044,0.61598,2.51259,0.28044,0.70464,2.12303,0.28044,0.59539,2.30056,0.28044,0.64518,2.15976,0.28044,0.60569
638,"Oulad M'hand",ARS,MID,4.5,1.77113,0.16725,0.29622,1.64474,0.16725,0.27508,1.97884,0.16725,0.33095,1.8239,0.16725,0.30504,1.8286,0.16725,0.30583
639,Setford,ARS,GK,4.5,4.64341,0.36784,1.70803,4.99355,0.36784,1.83682,3.88544,0.36784,1.42922,3.40811,0.36784,1.25364,4.27918,0.36784,1.57405
640,Swinkels,AVL,DEF,4,2.01436,0.28867,0.58148,2.05098,0.28867,0.59205,2.07107,0.28867,0.59785,2.07682,0.28867,0.59951,2.2552,0.28867,0.651
641,Zych,AVL,GK,4,3.20743,0.06543,0.20986,3.28707,0.06543,0.21507,3.16189,0.06543,0.20688,3.42608,0.06543,0.22417,3.75123,0.06543,0.24544
642,André,WOL,MID,5,2.20588,0.57619,1.27101,2.09043,0.57619,1.20449,1.91708,0.57619,1.1046,2.01238,0.57619,1.15952,1.83014,0.57619,1.05451
643,Casey,WHU,DEF,4,2.25452,0.13408,0.30228,2.17148,0.13408,0.29114,2.3,0.13408,0.30837,1.9103,0.13408,0.25612,2.44441,0.13408,0.32773
644,Umeh-Chibueze,CRY,MID,4.5,1.98199,0.00433,0.00857,1.87931,0.00433,0.00813,1.78944,0.00433,0.00774,1.707,0.00433,0.00738,1.83845,0.00433,0.00795
645,Devenny,CRY,MID,4.5,1.98199,0.26784,0.53086,1.87931,0.26784,0.50336,1.78944,0.26784,0.47929,1.707,0.26784,0.45721,1.83845,0.26784,0.49242
646,Agbinone,CRY,MID,4.5,1.98199,0.26784,0.53086,1.87931,0.26784,0.50336,1.78944,0.26784,0.47929,1.707,0.26784,0.45721,1.83845,0.26784,0.49242
647,Rodney,CRY,MID,4.5,1.98199,0.00562,0.01114,1.87931,0.00562,0.01057,1.78944,0.00562,0.01006,1.707,0.00562,0.0096,1.83845,0.00562,0.01034
648,Wheatley,MUN,FWD,4.5,1.83812,0.28733,0.52814,1.54692,0.28733,0.44447,1.50042,0.28733,0.43111,1.59385,0.28733,0.45796,1.53651,0.28733,0.44148
649,Meghoma,BRE,DEF,4,2.65289,0.16462,0.43673,2.45072,0.16462,0.40345,2.15396,0.16462,0.35459,2.05585,0.16462,0.33844,2.2763,0.16462,0.37473
650,Lacroix,CRY,DEF,4.5,2.69303,0.37902,1.02072,2.60667,0.37902,0.98799,2.57752,0.37902,0.97694,2.59269,0.37902,0.98269,2.68669,0.37902,1.01832
651,Mangala,EVE,MID,5,2.18272,0.70262,1.53363,2.18982,0.70262,1.53861,2.19,0.70262,1.53874,2.16759,0.70262,1.523,1.91858,0.70262,1.34803
652,Ugarte,MUN,MID,5,2.35013,0.10791,0.25361,2.18986,0.10791,0.23632,2.26428,0.10791,0.24435,2.27028,0.10791,0.245,2.24697,0.10791,0.24248
653,Morato,NFO,DEF,4.5,2.97277,0.51041,1.51734,2.69152,0.51041,1.37378,2.60215,0.51041,1.32817,2.90466,0.51041,1.48257,2.57113,0.51041,1.31233
654,C.Soler,WHU,MID,5,2.12777,0.15014,0.31947,2.24706,0.15014,0.33738,2.21038,0.15014,0.33188,2.07797,0.15014,0.312,2.12055,0.15014,0.31839
655,Forbs,WOL,MID,5.5,2.84988,0.91605,2.61062,2.69893,0.91605,2.47235,2.46152,0.91605,2.25487,2.63844,0.91605,2.41694,2.31412,0.91605,2.11984
